"sample_submitter_id","MUC1","MUC12","MUC12-AS1","MUC13","MUC15","MUC16","MUC17","MUC19","MUC2","MUC20","MUC20-OT1","MUC20P1","MUC21","MUC22","MUC3A","MUC4","MUC5AC","MUC5B","MUC5B-AS1","MUC6","MUC7","MUCL1","MUCL3"
"TCGA-CM-4743-01A",67.1866,1.6535,0.8877,851.5343,0,1.7178,0.1426,0.0025,21.3343,7.7679,2.3978,1.1183,0.0953,0,19.5099,18.2421,249.3257,192.9625,0,1.1732,0,0.0182,5.253
"TCGA-D5-6931-01A",165.0898,15.896,1.6784,388.231,0,0.0097,49.1761,0,346.2662,18.1964,4.3666,5.1334,0.0225,0,12.4229,21.9875,13.5607,221.2998,0,0.2125,0,0.043,0.1653
"TCGA-AD-A5EK-01A",5.1828,261.3444,17.8956,501.1225,0,0.0029,2.2932,0.0021,133.9498,23.9092,3.0734,2.3374,0,0,83.5703,0.2953,0.1343,62.0408,0,0.1801,0,0,0.0223
"TCGA-A6-2680-01A",176.1161,35.3551,1.7437,545.8315,0,0.0291,55.371,0.0144,295.6445,19.9293,2.2017,8.026,0.0374,0,55.4982,11.7282,0.1058,3.7624,0,0.4878,0,1.1438,0.1999
"TCGA-G4-6625-01A",51.9017,60.419,4.5557,629.2292,0,0.0114,1.0095,0,330.7394,24.1885,5.6406,21.7338,0,0,40.7445,11.6193,1.2916,30.0624,0,0.262,0,0.0718,0
"TCGA-AA-A00O-01A",3.679,2.9606,4.2968,507.3782,0,0.0061,0.7325,0,1.7842,11.6088,5.5265,16.8155,11.9522,0,39.0729,0.3392,0.2236,1.208,0,1.4667,0,0.1694,0.1421
"TCGA-G4-6298-01A",60.2524,1.4312,2.0629,495.2044,0,0.0249,0.0571,0.0028,2.8568,38.3029,3.0247,16.0927,0,0,36.3447,1.8174,0.6496,4.1444,0,0.0299,0,0.0423,0.0296
"TCGA-AA-3842-01A",128.7203,1.545,7.5029,568.5107,0,0,89.4026,0,122.807,27.6917,1.8074,15.7531,0,0,31.4407,8.7887,0.7146,7.3477,0,0.2714,0,0,0
"TCGA-RU-A8FL-01A",116.6969,29.4993,1.7402,535.1498,0.018,0,0.1183,0,1.6317,18.3551,2.3086,7.7037,0.1867,0,34.3527,0.8209,0.0959,105.512,0,0.0382,0,0,0.0113
"TCGA-A6-3809-01B",46.1158,1.917,0,96.2969,0.0225,0.1049,50.4388,0.0082,148.001,1.2509,4.2316,0.5763,0,0,23.6407,43.0238,3.3758,6.321,0,0.9849,0,0.0813,0.0568
"TCGA-AM-5820-01A",1.7654,7.5903,1.2563,750.7336,0,0.0017,4.534,0,4.0482,9.7438,1.8304,6.6959,0,0,41.4587,0.0625,0.0628,0.0786,0,0.026,0.2089,0,0.1029
"TCGA-G4-6586-01A",476.2783,2.8709,5.2389,1387.8931,0,0.0141,62.1012,0,153.2661,25.7339,3.451,5.6499,0,0,44.2347,10.6832,0.2681,20.2483,0,1.2064,0,0,0.1453
"TCGA-CK-4951-01A",436.0054,31.8348,1.2378,629.9993,0,0.227,0.4029,0.0171,831.744,18.8628,2.9698,9.6706,0,0,51.8534,33.0298,0.6785,1.632,0,1.4478,0,0,0.0887
"TCGA-AA-3660-01A",181.1045,41.5552,4.3602,835.506,0.0215,0.0246,2.7464,0,129.8925,49.4285,3.8317,21.1719,5.0651,0,29.6951,6.7829,2.5471,12.0185,0,0.0914,0,11.7356,0.0272
"TCGA-DM-A28E-01A",18.0056,151.0936,10.13,794.086,0,0.0031,3.2831,0,49.0235,11.2164,5.2516,14.9292,0,0,48.4553,0.9382,0.0197,28.701,0,0.0407,0,0.0346,0.0242
"TCGA-AY-A71X-01A",61.4891,33.1618,3.6775,910.0561,0,0,28.7882,0.0054,1272.996,40.5776,2.4481,14.35,0,0,34.5653,48.8188,7.3313,2.0148,0,0.7539,0.0191,0.2019,0.1694
"TCGA-AA-3966-01A",227.5585,1.0603,3.4329,1679.8059,0,0.0584,0.317,0,437.3098,12.7213,1.74,4.5048,0.0614,0,19.6268,2.7085,2.8161,158.353,0,0.5105,0,1.1142,0.2869
"TCGA-AA-A029-01A",29.1336,4.384,35.7732,679.5013,0,0.0699,222.5764,0,2226.2057,13.375,2.54,6.6899,0,0,38.463,1.8227,0.2196,33.9516,0,0.2119,0,0,0
"TCGA-NH-A6GA-01A",59.4316,0.3931,2.068,713.1204,0,0.0916,54.8289,0,34.6947,36.9028,5.2092,6.9368,0.0683,0,13.0725,8.2604,93.653,80.2556,0,0.6906,0.4165,0.0163,1.0029
"TCGA-CM-6162-01A",459.7064,78.232,2.919,1099.1336,0,0.0058,31.9446,0,647.5027,6.69,1.8468,15.7598,0,0,27.1201,52.5608,55.7808,13.5974,0,0.1207,0.0303,0.0214,0.5527
"TCGA-AA-3955-01A",41.001,74.7882,1.609,633.5856,0,0,0.9211,0.0074,65.7082,15.4847,2.7287,8.4456,0,0,21.6064,2.6064,1.0384,30.5282,0,0.2328,0,0.1099,0
"TCGA-AZ-4615-01A",308.4318,0.4949,9.0158,613.8589,0.0353,0.433,51.2486,0,86.9956,47.378,1.855,5.6488,0.0334,0,32.0329,6.4889,0.1523,4.6945,0,0.5248,0,0,0.1114
"TCGA-A6-5667-01A",13.1125,28.2778,0.7754,749.8931,0,0.0072,0.0966,0,1.1522,37.4902,2.34,18.596,0.0208,0,73.7624,1.0396,0.0181,0.4284,0,0.0374,0,0.0199,0.0139
"TCGA-AA-3529-01A",46.1412,72.3117,4.5284,416.1224,2.4757,0.0306,1.7219,0.0114,753.6392,31.8828,1.7994,8.4772,0.0883,0,18.2165,20.8033,12.7046,47.0813,0,0.3177,0,0.5485,0
"TCGA-A6-6142-01A",27.3579,37.1358,1.4272,1868.5726,0.4858,0.0066,0.7248,0.0033,18.2583,49.1907,2.2829,74.1055,0.1531,0,43.1209,1.3632,0.0777,1.8167,0,0.5966,0.0692,0.9995,0.017
"TCGA-AA-3673-01A",86.4674,12.2673,6.3885,589.7575,0,0.0081,2.5418,0,192.1219,20.2598,1.6923,14.07,0.0312,0,30.7189,10.0472,4.9787,91.6436,0,0.2521,0,2.3513,0
"TCGA-A6-A565-01A",241.1408,128.9304,22.1692,1040.94,0.0269,0.0132,10.2787,0.0065,1416.0789,42.6895,11.4739,5.7441,0,0,39.8758,57.253,7.1126,200.5342,0,0.0915,0,0.0608,0.0849
"TCGA-AZ-6606-01A",226.1809,9.2886,1.8641,742.6239,0,0.0016,38.9044,0.0515,35.1846,38.8277,3.3154,14.3687,0,0,37.6442,26.1824,3.3797,18.1529,0,2.0434,0,3.1784,0.2549
"TCGA-4N-A93T-01A",198.6651,4.7452,3.8014,845.7903,0,0.0041,0.1944,0,38.1926,90.0121,6.1099,27.6633,0,0,31.3509,92.4368,0.0887,0.4607,0,0.2116,0,0,0
"TCGA-DM-A1D9-01A",25.3758,7.7373,1.458,257.8402,0,0.0097,0.0202,0.0014,125.7288,21.7974,5.2913,8.9061,0.067,0,11.5858,1.8671,0.1288,0.0889,0,0.1909,0.0151,0.0961,0.0149
"TCGA-DM-A1D6-01A",38.9133,27.5419,3.6745,820.132,0,0.0018,0.6455,0,3324.5863,12.2723,2.4017,23.0042,0,0,168.4728,14.8915,4.2924,41.8757,0,0.1073,0,0.0198,0.0069
"TCGA-CM-6677-01A",71.8063,4.5122,1.079,291.5359,0,0.01,7.2632,0,111.0842,10.2133,1.6158,13.332,0,0,18.7773,4.2359,1.3214,73.6163,0,0.1041,0,0.0553,0.0193
"TCGA-CM-5861-01A",627.8867,0.4282,0.7616,934.0637,0,0,3.4526,0,1016.8276,9.5204,0.6575,1.9065,0.1362,0,57.3984,82.0516,159.2183,1254.3104,0,36.7702,0,0.026,1.9278
"TCGA-AA-3939-01A",38.2016,2.4275,5.4931,230.7895,0.0416,0.0102,2.9316,0,29.934,14.4534,1.4567,4.8795,0,0,13.0527,2.2406,0.0769,1.0579,0,0.0177,0,1.0885,0
"TCGA-CK-4947-01B",227.6332,5.7683,0.8746,576.3087,0.0198,0.0032,91.6985,0.0048,415.0743,30.5602,2.5403,31.7385,0,0,10.9757,16.6044,0.4243,23.3457,0,0.0675,0,0,0.0125
"TCGA-DM-A288-01A",113.0985,2.4964,4.1077,1451.9041,0,0,1.2696,0,683.3338,35.8551,13.5143,18.9598,0,0,71.2586,10.4185,0.0504,7.4374,0,0.0209,0,0,0.0465
"TCGA-AA-A02F-01A",31.2759,20.74,3.104,440.7266,0.8609,0.0256,0.4108,0,40.3589,14.2074,4.3389,5.3474,0,0,27.0368,0.7612,0.2253,1.985,0,1.9463,0.0502,0.1767,0
"TCGA-CA-6718-01A",344.9309,0.0624,0,262.3508,0,1.3473,0.0883,0,2.9513,4.2962,1.9725,2.5431,0,0,0.549,5.8941,1.7534,78.9068,0,0.1085,0.0273,0,0.0806
"TCGA-A6-2675-01A",62.7954,82.165,3.186,1134.0991,0,0.0718,1.576,0,615.8458,20.8356,1.9315,1.654,0,0,30.4135,23.2205,3.0205,78.8369,0,0.0439,0,0.0466,0.0163
"TCGA-D5-6535-01A",149.2587,17.6956,2.7196,1074.7913,0,0.0144,222.541,0.0027,22.2202,43.4342,5.0046,9.224,0.0208,0,67.4766,14.6947,0.1359,12.9022,0,0.3092,0,0.0199,0.0139
"TCGA-A6-2674-01A",13.0684,0.0915,0,270.428,0,0.7053,0.3281,0.0123,348.0651,13.3965,15.4796,13.4504,0.0159,0,0.4071,8.7544,0.0483,2.6439,0,0.1428,0,0.5159,0
"TCGA-A6-6138-01A",13.1308,11.5714,1.3417,839.3562,0,0.0089,2.2829,0,1.9707,33.2248,2.7127,14.5336,0,0,45.4862,0.7311,0.0045,6.8159,0,0.0185,0,0.2554,0
"TCGA-AA-3544-01A",160.1288,9.1424,6.6984,451.7808,0,0,27.018,0,44.0376,21.9314,1.2049,24.1614,0,0,36.6155,5.6632,1.059,6.735,0,0.0538,0,0.0763,0.16
"TCGA-DM-A28F-01A",101.3058,16.3247,1.6421,717.8695,0,0.0064,1.9446,0,10.9041,34.9873,1.5159,101.2116,0,0,33.3503,4.8883,1.5801,0.533,0,0.0462,0,0.0561,0
"TCGA-AA-3489-01A",41.0264,72.3449,5.7025,359.8947,0,0.0202,0.8801,0.0019,12.1191,23.1645,3.881,17.4333,0,0,41.3967,1.1593,1.1813,55.8248,0,0.0786,0,0.0278,0
"TCGA-AA-3693-01A",5.1778,14.9891,1.0258,783.3378,0,0,0.1421,0.0071,1.5162,39.158,3.1907,22.9874,0,0.0173,51.107,1.4896,0.4965,5.0959,0,0.0124,0,0,0
"TCGA-CM-5349-01A",8.6218,9.9999,0.7994,437.1675,0.0227,0.0148,5.6078,0,19.0327,13.3006,1.5252,4.2606,0.0214,0,42.7034,0.3134,0.0233,8.8476,0,0.0482,0,0.0205,0
"TCGA-AA-3869-01A",172.0499,3.4727,4.9602,588.8131,0,0.0491,122.2852,0,4.6431,31.3977,1.3536,19.2267,0,0,37.2016,9.9047,0.1003,6.5709,0,0.3509,0.0481,0.1356,0.0474
"TCGA-AA-3531-01A",34.9835,83.3343,3.8799,289.7935,0,0.1441,1.3166,0,447.5574,24.6845,4.0265,17.9765,0,0,60.9176,17.7567,7.8625,34.2815,0,1.0059,0,0,0.0347
"TCGA-AD-A5EJ-01A",154.4191,2.6321,0.5005,929.8767,0.0379,0.0046,52.8324,0.0046,1207.115,6.1477,1.6514,2.991,0,0,42.8892,22.6246,82.6643,456.587,0,120.5483,0,0.0342,0.1554
"TCGA-WS-AB45-01A",13.261,0.4192,2.3645,648.589,0,0,0.0856,0,5786.733,1.2018,2.5574,0.3966,0,0.0492,41.4171,3.7786,25.9481,146.412,0,0.1316,0,0.3728,0.0391
"TCGA-F4-6856-01A",154.3364,2.8881,5.1947,819.7959,0,0,1.2471,0,3389.3894,7.0918,2.9313,5.0339,0,0,27.5319,39.3929,70.2244,959.1819,0,8.1182,0,0,0.0248
"TCGA-F4-6806-01A",73.5024,46.1376,2.2583,828.4032,0,0.0093,5.8176,0.0035,134.0099,37.2229,4.207,26.0781,0,0.017,43.0863,40.9302,2.6865,4.1403,0,0.1331,0,0,0.0539
"TCGA-G4-6297-01A",22.1451,32.8654,5.4101,992.0981,0,0.1527,41.8951,0.0179,81.9436,32.2058,3.303,14.7842,0.4412,0.0146,56.1336,6.6159,0.2373,2.3253,0,0.0209,0.063,0.1331,0.6201
"TCGA-QG-A5Z1-01A",39.0386,63.354,8.1427,741.9849,0,0.0037,11.5106,0.0671,19.4324,27.9109,4.9963,23.3856,0,0,68.6547,44.3597,0.046,38.7776,0,0.0697,0,0,0.0094
"TCGA-CM-6161-01A",13.6757,3.6669,0.7565,427.9708,1.352,0.0141,2.9339,0.0157,30.1121,49.5966,8.5163,23.3228,0.0203,0,7.4574,3.8451,1.5839,47.3181,0,0.2737,0,0.9499,0
"TCGA-AA-3815-01A",246.275,0.5008,1.6215,420.5092,0,0.1242,4.166,0,54.4967,17.0852,2.9624,20.9181,0,0,30.8809,32.9254,5.5034,2.4219,0,8.4664,0,0.0415,0
"TCGA-G4-6306-01A",61.5325,13.5624,4.1103,601.1923,0,0.0095,69.7873,0.0035,36.8304,11.6684,2.1091,12.385,0,0.0174,43.7365,5.6653,0.3056,1.3212,0,0.0372,0,0.237,0.1472
"TCGA-G4-6293-01A",234.7652,76.3296,6.694,647.9362,0.1232,0.0101,22.3264,0.005,60.491,36.8549,3.0125,9.7741,0,0,17.7818,22.7618,0.6668,69.5445,0,0.1745,0,1.7616,0.013
"TCGA-G4-6628-01A",54.2049,4.8532,4.176,773.4826,0,0.6322,0.176,0.0376,45.7198,1.3294,2.5824,0.5718,0,0,32.3252,35.9977,0.7962,7.0131,0,0.7794,0,0.0558,0.039
"TCGA-D5-6538-01A",27.9301,3.1011,0.6924,338.3702,0.0982,0.0048,2.9729,0.0048,73.4561,9.944,2.1137,9.4356,0.1114,0,24.7536,0.3217,0.109,163.7822,0,0.1837,0,2.3064,0.0248
"TCGA-A6-2671-01A",4.2968,121.3028,2.7838,513.3403,0,0.0402,1.0196,0.0213,209.2014,10.882,0.8012,11.0902,0,0.0209,64.303,0.7246,3.6436,106.1571,0,2.8347,0,0.0634,0.0222
"TCGA-AA-3666-01A",205.0041,2.528,4.7193,598.6431,0,0.0717,52.2067,0,11.9652,29.0382,3.2047,11.9526,0,0,17.9577,5.0504,0.2202,1.8026,0,0.2483,0.3744,0,0.3688
"TCGA-D5-6534-01A",13.4158,4.2165,2.8028,266.9453,0.2343,0.0055,34.0797,0.0122,202.2551,11.3985,4.0563,12.9372,0,0,21.4112,5.3753,0.031,1.5334,0,1.0673,0.0215,0.0151,0.8878
"TCGA-CM-6680-01A",390.6928,36.7966,2.0926,740.5164,0,0.0459,0.1528,0.0053,583.2849,24.631,1.7334,25.6705,0,0,15.1102,95.3711,29.2922,226.6458,0,1.5324,0,0.2925,0
"TCGA-AA-3494-01A",48.6644,55.5933,2.2394,264.4644,0,0.0505,0.2836,0.0132,57.6138,23.2528,1.5093,7.2077,0.1716,0.0216,44.9362,5.5994,0.7686,11.4536,0,0.4475,0,0.0328,0
"TCGA-A6-6650-01B",16.8187,48.5656,68.6819,427.0723,0.0631,0.0878,8.8732,0.0998,73.6553,20.9394,29.0599,9.9026,0.0597,0.0376,17.8458,8.0164,0.3178,4.284,0,0.8852,0.1618,0.171,0.0398
"TCGA-D5-6536-01A",435.1192,56.197,2.8229,480.0418,0,0.0017,0.9384,0,583.1901,17.1071,1.7627,4.2401,0,0,41.9609,4.8571,1.0799,213.1071,0,0.0817,0,0.0964,0
"TCGA-QG-A5YV-01A",57.7774,31.0539,2.0144,543.4311,0,0.0218,4.7616,0,85.6356,53.3824,4.8294,8.9469,0.0901,0,38.7593,16.7969,0.184,19.2497,0,0.0324,0.0244,0.1548,0
"TCGA-CM-6164-01A",29.2721,63.0145,3.419,801.6707,0,0.0289,0.6156,0,4.494,44.6003,3.3244,32.8678,0.0167,0,45.3734,6.6618,0.3734,1.2992,0,0.0525,0,0,0.0111
"TCGA-A6-A5ZU-01A",10.6036,4.6023,2.248,1017.0593,0,0.007,102.166,0,0.0482,60.265,8.3528,44.6582,0,0,35.2459,1.2477,0,0.0246,0,0.0542,0,7.1042,0
"TCGA-AZ-6607-01A",50.8019,8.614,7.426,104.5799,0.1505,19.8917,3.4161,0.0037,51.7258,32.9969,1.2144,11.501,0.1423,0.0538,22.1739,9.207,106.4763,33.547,0,0,0,0.2718,2.5841
"TCGA-A6-3809-01A",181.0833,0.8151,1.8297,259.0165,0,0.0297,24.6071,0,70.1518,11.818,2.084,3.7678,0,0,9.1976,13.3469,2.0807,26.3776,0,0.1544,0,0.1875,0
"TCGA-DM-A282-01A",8.8518,79.7563,3.7592,283.7978,0,0.0011,0.5845,0.01,44.0631,20.3568,2.2014,21.0343,0,0,31.5848,1.9745,0.0537,5.3287,0,0.1813,0.2469,0,0.0087
"TCGA-QG-A5Z2-01A",88.463,7.356,3.846,796.0154,0.0168,0.033,35.1321,0.002,1162.1722,15.8151,6.6024,7.4539,0.0159,0,34.1281,57.3781,4.3097,5.6974,0,46.2061,0.0646,0.0152,0.053
"TCGA-AZ-4323-01A",36.3443,7.3358,2.1355,159.6759,0.3029,0.195,8.5722,0,156.0448,8.2099,2.7038,2.5436,0.0191,0,18.2531,16.4935,31.5314,49.4001,0,9.8024,0,0.0547,0.1402
"TCGA-G4-6302-01A",131.7041,1.3064,1.4861,594.6079,0.0964,0.0375,76.5838,0,805.2184,12.663,2.3861,11.8292,1.1162,0,8.1052,32.5789,46.946,104.189,0,1.3414,0.0618,0,21.8559
"TCGA-D5-6533-01A",26.6488,8.6697,0.6092,1027.8019,0,0,0.135,0.0028,0.1435,54.0085,4.9683,25.5313,0.0218,0,31.0824,0.8964,0.2179,14.9443,0,0.0979,0,0.0624,0.0582
"TCGA-AA-3678-01A",132.5863,14.8306,1.3635,662.9697,0,0.0127,5.2498,0,137.9031,19.1552,3.7902,17.8371,0,0,23.5588,34.4454,6.2083,72.6324,0,0.2236,0,0.1956,0
"TCGA-CK-4950-01A",92.4127,23.2215,3.4539,431.2567,0.0356,0.0029,21.4805,0.0043,436.2018,29.1591,1.4112,6.0601,0,0,12.7504,18.9617,0.376,9.9659,0,0.0404,0,0.0858,0.0525
"TCGA-DM-A285-01A",208.4127,41.5678,4.5011,999.7439,0.7734,0.0012,126.4246,0,111.8941,49.9302,3.5095,27.6664,0.1656,0,48.4607,51.1889,0.24,30.9384,0,5.2788,0,0.0923,12.0328
"TCGA-G4-6294-01A",36.3093,15.6814,2.2265,1483.1272,0,0.003,21.9168,0.0022,2.2739,59.6349,6.2268,39.4534,0,0,32.296,1.3148,0.23,41.1243,0,0.046,0,0.0163,0
"TCGA-A6-2684-01A",14.1593,0.6493,0.8629,125.9721,8.0289,0.0053,0.1155,0,4.598,5.2654,3.662,5.331,0,0,0.3801,1.7098,0.1275,0.8876,0,0.1318,0,0.0442,0
"TCGA-D5-6898-01A",43.1615,12.9773,0.8672,346.332,0,0.0338,0.048,0,0.4514,32.2768,2.6755,10.463,0.2792,0.0117,20.7458,1.0276,0.0364,45.1015,0,0.0335,0,0.1067,0
"TCGA-D5-6540-01A",269.887,12.8601,2.0181,884.2923,0,0.5491,0.2236,0,1825.1989,6.103,3.253,5.4759,0,0,165.2202,27.5317,24.4088,506.3955,0,31.1303,0.0294,0.0621,12.7089
"TCGA-A6-3807-01A",161.007,52.4981,5.4374,763.3955,0,0.4269,2.5605,0,33.2104,26.954,3.841,29.4591,0,0,26.7104,19.2274,0.8533,6.4797,0,0.1669,0,0.2027,0
"TCGA-A6-2678-01A",42.4076,35.6212,1.0465,1197.1153,0.1187,0.0194,0.5024,0,52.7893,25.458,4.3884,13.7745,0.0749,0,59.4369,1.7155,0.0732,1.6718,0,0.1346,0,0.2503,0
"TCGA-3L-AA1B-01A",14.0971,35.1882,3.651,475.553,0.0621,0.0034,0.7989,0.0126,203.2307,16.7133,3.0945,4.732,0.0196,0,34.9385,1.0674,0.264,17.23,0,0.7396,0.0797,3.293,0
"TCGA-A6-5664-01A",89.0893,6.8159,2.3499,622.4573,0,0.0185,2.8791,0.0225,180.0375,13.4723,1.5384,1.9706,0,0,14.7063,22.532,0.565,114.2007,0,0.1482,0,12.7465,0.0389
"TCGA-DM-A1DA-01A",17.0664,2.1518,3.9134,299.5222,0,0.0021,22.6962,0,107.1161,6.889,2.0298,4.036,0,0,28.3122,0.3529,2.6264,26.3358,0,0.0593,0.0325,0,0.1041
"TCGA-AA-A024-01A",90.4075,37.5857,5.1984,516.1214,0,0.0211,14.4986,0,1296.1817,59.1636,0.9167,105.944,0.1743,0,23.5667,19.834,41.698,19.9295,0,0.0313,0.5671,5.1948,0.0233
"TCGA-AY-A69D-01A",58.6654,61.961,10.8608,585.6604,0,0.0026,3.5523,0.0173,254.3375,44.072,9.6282,8.7368,0,0,24.5462,6.632,0.3086,103.7984,0,0.0739,0.0405,0.0714,0.01
"TCGA-AA-3976-01A",41.0893,5.8763,5.3766,523.1912,0,0.0071,2.2978,0,59.0818,15.9574,1.1724,6.8849,0,0,15.9926,3.5245,0.5913,6.942,0,0.3334,0,3.7,0
"TCGA-D5-6929-01A",3.8116,4.1387,1.2562,432.8237,0.0713,0.0758,0.3306,0.0058,2.267,22.7079,2.0045,10.9557,0,0,15.2984,0.4175,1.2112,18.0932,0,0.1111,0,0.0644,0
"TCGA-T9-A92H-01A",80.4171,65.6898,7.8509,451.2342,0.0182,0.0089,0.7012,0,50.842,64.0656,2.8346,23.9492,0.0344,0.0108,29.8641,6.5827,1.0091,5.2069,0,0.0155,0,0.0328,0
"TCGA-AZ-4684-01A",283.8003,25.2018,3.8688,492.1706,0.0366,0.473,0.6609,0,102.337,26.1783,1.7745,12.5751,0.4151,0,52.5632,35.1063,1.3537,57.6716,0,0.2955,0,0.3635,0
"TCGA-AA-A00Z-01A",51.3324,63.9702,1.793,641.0804,0.0407,0.04,1.937,0.0099,125.9727,22.18,3.6407,10.1645,0,0,26.4215,12.3033,4.9939,21.5342,0,0.2422,0,0,0
"TCGA-CM-6170-01A",32.9812,75.7594,5.7415,1171.6949,0.3948,0.0113,0.8819,0,6.5238,52.5207,3.5528,58.1243,0,0,23.9911,10.1395,0.1745,9.4463,0,0.0587,0,0.0892,0.0249
"TCGA-A6-5665-01B",230.3603,28.717,4.2675,942.539,0,0.3765,83.4834,0.1014,858.5433,31.5293,14.0526,7.4093,0,0,1776.8175,203.8425,94.5797,177.6599,0,434.0592,0,0.0972,4.2463
"TCGA-AA-A02K-01A",82.1038,1.753,2.7521,415.3894,0.6989,0,0.1016,0,0.88,22.1089,6.7524,16.3505,0.0984,0,9.9786,0.883,0.0214,0.1749,0,0,0.0191,0.2686,0.0282
"TCGA-AA-3534-01A",42.0339,1.6341,0,343.8527,0.0929,0.0456,0.9526,0.017,25.176,13.5009,2.5183,11.9012,0,0,9.752,3.1229,0.8976,42.6711,0,1.6389,0,0.6713,0
"TCGA-CA-5255-01A",71.5694,2.3625,5.8088,666.1778,0,0.0032,69.4736,0.0118,25.6633,17.4524,2.2956,9.4369,0.0733,0,31.5947,1.1214,125.6797,34.9844,0,0.0412,1.0189,0.0525,0.5263
"TCGA-AA-3549-01A",231.4317,75.2138,4.527,909.7255,0.0367,0.012,10.8469,0,60.0726,43.2331,2.5799,14.3355,0,0,25.0715,34.997,0.3319,30.1592,0,0.8422,0,0.1326,0
"TCGA-AA-A004-01A",163.5086,34.8062,22.3997,321.6063,0,0.7003,53.0715,0,533.7188,22.8017,0.8979,3.4368,0,0,33.7328,52.7226,14.247,189.8039,0,3.2053,0,0,0
"TCGA-AA-3875-01A",56.48,37.2951,7.0056,368.2764,0,0.1301,2.268,0,181.7641,13.7101,5.2553,4.9855,0,0,38.3118,8.7911,0.3881,4.2448,0,0.6336,0,0.0449,0.0314
"TCGA-NH-A50T-01A",59.9288,76.3581,4.8464,330.6645,0.0172,0.0084,3.5072,0.0355,4.9587,27.4349,5.5725,5.1367,0.0163,0,45.9709,0.522,0.2685,55.6881,0,0.0365,0,0.0621,0.0326
"TCGA-AA-3821-01A",41.0651,13.7756,10.0796,563.3354,0,0,31.9025,0.0242,983.6612,8.6613,8.1586,3.8221,0,0,59.3663,33.6858,16.07,950.3172,0,1.5008,0,0,0.3454
"TCGA-CM-5344-01A",12.6548,259.7892,5.9435,568.2833,0,0,1.3994,0.0024,52.685,40.6779,4.8917,23.7581,0,0,34.5997,3.5572,0.3833,10.6656,0,0.0253,0,0.0358,0
"TCGA-NH-A5IV-01A",74.4524,2.075,5.8009,405.3757,0.0366,0.0015,0.3794,0.0378,813.4107,11.3572,4.4494,2.4984,0,0,24.1933,30.5994,27.4086,17.4164,0,70.7196,0,0,0.0115
"TCGA-AA-3684-01A",133.1647,17.8178,20.7329,510.324,0.1148,0.3897,59.98,0.0279,1535.5543,18.182,1.1695,20.2137,0.1085,0,57.5934,23.3804,2.0525,12.6488,0,0.3415,0,0.0518,0
"TCGA-A6-5659-01B",1.3197,74.4897,3.2412,132.9561,0.069,0.0085,2.4017,0.007,0.3905,6.8435,4.0664,1.3741,0,0,64.4587,0.8021,0.0095,0.0443,0,0.2443,0.1179,0,0.0145
"TCGA-AA-3675-01A",180.4724,1.1642,0.4681,387.7032,0,0.0406,0.0821,0.0065,4.8082,16.544,0.9852,10.3582,0.1172,0,25.0117,1.9366,0.04,1.5811,0,0,0,0.08,0.0335
"TCGA-AA-3495-01A",51.8038,28.0395,4.4228,736.0506,0,0.0103,2.144,0.0051,124.1893,19.9437,2.9065,22.4115,0,0,75.7398,11.7815,0.1805,7.001,0,0.1067,0.0536,0,0
"TCGA-AA-3679-01A",35.7258,32.9889,1.3802,558.4114,0,0.0085,3.7721,0.0063,66.4893,34.9181,1.2555,20.7305,0,0,46.0878,5.6384,2.5863,9.9874,0,0.0222,0,0.0472,0.0659
"TCGA-F4-6855-01A",59.954,87.0141,5.4218,493.1752,0.0324,0.0212,0.3399,0.0039,225.8359,34.1101,3.887,3.5948,0.2143,0,20.8617,6.0775,0.4593,107.9976,0,0.0138,0,0.0292,0.0204
"TCGA-AA-3715-01A",69.2104,1.0426,3.0616,120.5454,0.1158,2.0659,0.6784,0.0563,103.3704,2.187,1.9117,0.7417,0,0,5.54,0.4643,16.0446,237.8026,0,3.4949,0,0.9414,0
"TCGA-AA-A01R-01A",414.0235,0.2919,1.9924,218.4683,0.0377,0.7154,7.7267,0,87.7897,11.3269,3.9319,4.1028,0,0.0225,6.926,8.5704,101.0775,106.1349,0,283.9189,0,0.034,0.0238
"TCGA-AA-3831-01A",255.6603,7.9005,0,344.3652,0,0.0206,9.1956,0.0153,36.8555,36.5352,4.5088,17.7374,0,0,16.4419,2.6365,0.4205,6.2998,0,0.0134,0.0403,0,0.0199
"TCGA-AA-A01K-01A",70.3644,6.578,1.3706,644.7173,0,0.2927,75.7606,0.0473,8.9617,15.9508,3.7244,6.4748,0.1471,0,34.3627,1.2207,0.3037,1.1548,0,0.4297,0.3987,0,0
"TCGA-AA-3519-01A",39.7501,37.6504,2.8589,491.0727,0,0.0076,2.5455,0,242.7427,9.9195,1.6718,2.2757,0,0,54.0565,11.4739,2.5246,30.6208,0,0.0591,0,0.0419,0.0293
"TCGA-G4-6315-01A",135.6919,111.5521,2.7114,918.2841,0,0,1.7462,0,412.9998,21.696,2.5552,20.9652,0.0485,0,37.2579,22.7577,4.4959,99.3252,0,0.0109,0,0,0
"TCGA-A6-A567-01A",27.0263,10.563,1.8711,594.8732,0.2548,0.0382,1.5964,0,34.906,18.2005,6.136,13.2364,0.1205,0,14.1804,3.2823,0.3754,2.4814,0,0.0722,0,2.9534,0.0536
"TCGA-A6-6780-01B",131.9639,2.5891,0.7201,134.5142,0.0545,0.0736,16.6616,0.0464,50.2751,4.5294,9.7306,0.5233,0.1288,0,42.0553,36.4341,0.168,10.0378,0,0.8567,0.0349,0.0984,0.086
"TCGA-A6-6650-01A",59.3039,117.2504,11.9489,929.2429,0,0.0016,2.7551,0.0023,103.7736,84.6553,6.9901,48.8847,0,0,75.2515,4.9333,0.3729,7.3365,0,0.1624,0,0,0.0241
"TCGA-CA-5797-01A",45.924,20.8868,1.2325,295.1536,0.04,0.0049,1.1022,0,1.4708,49.3864,1.1319,3.327,0,0,18.4806,0.2625,0.1191,0.3352,0,0,0,0.0361,0
"TCGA-A6-6780-01A",490.1119,0.8699,2.6789,303.9983,0,0.01,2.0283,0,73.3805,15.5111,4.1384,5.3649,0.0383,0,16.2453,16.2032,0.2041,33.1344,0,0.1378,0,0.0183,0
"TCGA-CA-6717-01A",67.1465,18.9907,0.9009,521.9531,0,0.0134,15.8068,0,275.8353,15.2417,1.9335,10.1707,0.0193,0,23.7712,5.0131,3.6482,35.9218,0,3.6937,0.0786,0,0.426
"TCGA-AD-6901-01A",16.3683,14.768,3.697,562.0528,0,0.2296,4.5892,0.0032,20.6171,49.4491,5.2849,31.8514,0,0.0156,34.2221,1.6821,1.6008,92.5309,0,11.1006,0,0.1421,0.1159
"TCGA-AZ-4315-01A",151.6001,7.669,9.2332,780.2561,0.2183,0.0464,0.1599,0.0265,11.0756,7.1224,2.0196,2.6097,0,0,26.2294,1.1099,8.3369,4.7147,0,0.1299,0,0,0.0276
"TCGA-4T-AA8H-01A",131.4622,27.1422,8.3401,723.0908,0.0498,0.0163,2.0731,0.003,177.8922,42.1876,7.4105,22.119,0.0471,0.0445,40.415,74.3987,0.3635,50.5424,0,0.127,0,0.09,0.0157
"TCGA-A6-6781-01A",23.7668,4.2674,3.6078,574.6406,0,0.0044,2.4115,0.0238,897.8524,3.8005,1.6469,1.6721,0.0337,0.0106,9.9495,19.1064,142.5231,360.3494,0,0.0076,0,0,0.2472
"TCGA-AD-6548-01A",141.6807,22.674,2.4064,518.836,0,0.2458,0.8285,0,185.6504,32.4976,2.8899,5.8715,0.1291,0.0116,25.7278,10.6263,0.4571,25.8082,0,0.0332,0.025,0.1057,0.0862
"TCGA-AA-3685-01A",25.5371,7.5877,1.9491,356.0376,0,0.0028,0.7683,0,37.4364,16.2798,1.1789,7.2646,0,0,23.0254,3.0597,0.0665,4.085,0,0.0145,0,0.1844,0
"TCGA-G4-6588-01A",62.3402,2.8661,1.2765,893.3422,0,0.004,27.4332,0.0029,774.0854,4.7873,2.6077,2.5255,0,0,46.5393,53.5373,278.8064,273.6438,0,547.9743,0,0.0654,0.4115
"TCGA-SS-A7HO-01A",14.3394,0.7539,1.1608,300.2481,0.0659,0.0018,0.0214,0.0053,3.0708,7.9121,2.4742,3.9371,3.28,0.0262,7.2758,0.4383,0.1444,133.553,0,0.224,0.1126,0.4164,0
"TCGA-A6-6649-01A",127.4541,71.2865,3.4149,640.9991,0,0.0114,14.3026,0.0019,971.6932,16.1653,5.1618,5.2285,0.0293,0,32.2416,27.275,158.4486,222.5252,0,80.6182,0.0596,0.042,0.9297
"TCGA-D5-6927-01A",198.6358,0.6789,2.4261,506.3378,0,0.005,57.2805,0.0074,151.5325,8.2162,5.7043,8.0327,0,0,17.3006,30.6373,0.1383,30.399,0,0.065,0,0.0276,0.0386
"TCGA-D5-6530-01A",103.756,2.6032,1.2656,694.9505,0.0205,0.0067,0.611,0,446.0092,13.8195,2.9729,5.4313,0,0,18.222,92.471,6.3978,180.7232,0,0.3488,0,0,0.0259
"TCGA-AM-5821-01A",71.9671,0.9635,0,101.9018,0.0231,0.0189,0.0169,0,6.5935,1.9045,1.1688,1.4317,0,0,1.6812,1.0258,0.0808,1.1416,0,0.0098,0,0.188,0
"TCGA-AA-A01P-01A",586.44,0.199,0.8665,696.1709,0,5.7424,0.9361,0.012,3.703,19.5843,1.69,6.6476,0,0.0195,7.613,22.3303,88.4845,113.7836,0,0.2229,0,0,0.3725
"TCGA-D5-6529-01A",64.6165,9.9117,2.882,401.7391,0.0327,0.0281,0.5389,0.002,23.6223,22.6033,1.3397,7.6103,0,0.0097,9.7833,2.4859,0.037,0.8294,0,0.0209,0,0.3545,0.0103
"TCGA-A6-A56B-01A",2.3728,2.7053,0.4825,581.6792,0,0.0045,1.0424,0,1.3177,12.7519,2.3766,3.8571,0,0,27.2419,0.3083,0.4164,0.1161,0,0.1164,0.0702,0.0494,0
"TCGA-CM-5341-01A",15.3722,3.5669,5.6064,278.098,0.0353,0.0058,0.0949,0.0043,0.4804,13.7577,0.5114,8.3002,0.0334,0,4.5385,1.3991,0.0945,1.4859,0,0.0451,0,0.3192,0
"TCGA-DM-A0XD-01A",126.1274,12.51,3.1341,250.0831,0,0.2569,49.0174,0.0015,14.4835,9.6115,3.6765,6.0218,0,0,15.1377,4.9319,0.0252,1.3883,0,0.5526,0,0.9858,0.3949
"TCGA-AA-3502-01A",26.5887,36.8953,13.7606,1249.3085,0.1893,0.0891,0.8894,0,1309.6952,44.2841,4.7542,28.8918,0.0447,0,74.2239,19.102,83.3981,116.3215,0,0.2011,0,0,0
"TCGA-A6-2684-01C",22.2511,8.9609,1.586,170.4611,41.6418,0.0412,0.0527,0.1664,5.6055,11.9904,18.4639,2.9201,0,0.0429,7.2956,4.5816,0,0.6039,0,0.4437,0.0461,6.3071,0.0454
"TCGA-CM-4748-01A",149.0808,32.4681,0,474.4246,0.5941,2.9171,17.9839,2.9629,208.94,21.1942,3.5114,13.9527,1.6854,3.1863,61.5201,20.3759,19.9075,39.8737,0,26.5169,0.7616,1.0733,1.8755
"TCGA-CM-5868-01A",81.0887,56.5258,2.3627,810.3296,0.0315,0.0181,0.2387,0,8.2836,52.7762,3.3331,21.5824,0,0,43.2481,3.5251,0.0908,7.2783,0,0.0335,0,0.0142,0.01
"TCGA-G4-6626-01A",111.5733,119.384,6.544,926.6123,0,0.0104,1.6055,0,14.1658,26.8351,5.3877,15.3101,0,0,36.8335,4.9957,2.1981,117.1293,0,2.6153,0,0.0192,0.0134
"TCGA-AA-3858-01A",106.6495,66.1831,2.5021,306.258,0,0.0066,0.604,0,64.1085,15.2777,1.1986,8.4863,0,0,47.9865,5.1559,1.2257,12.5469,0,0.6724,0,0,0
"TCGA-AU-3779-01A",34.3157,48.318,3.6073,1376.7925,0,0,0.8444,0,2.6658,71.004,3.8292,52.9594,0.0194,0,16.51,4.2186,0.1304,0.4105,0,0.087,0,0.037,0.0129
"TCGA-AA-3697-01A",41.0434,40.4061,7.653,680.1846,0,0.0067,9.1553,0,148.6361,23.0776,3.0364,6.8946,0,0,51.2988,13.8866,3.9274,19.4589,0,0.0346,0.0348,0.098,0
"TCGA-DM-A1HA-01A",147.398,0.1049,0.883,152.6251,0,0.9183,0.1508,0,0.0189,0.7096,3.206,7.0949,0,0.01,5.382,0.1881,0.0206,0.2576,0,0.0639,0,0,0.0211
"TCGA-AA-3855-01A",96.7905,44.841,6.8918,440.4424,0,0.0049,55.8468,0,530.191,10.2408,2.0168,3.275,0,0,24.3485,20.2463,6.5108,40.1646,0,0.3196,0,0.0272,0
"TCGA-AA-3509-01A",57.6567,6.4069,5.0751,615.3224,0,0.0031,2.6429,0,35.3312,26.3848,2.6447,10.8197,0,0,23.7684,4.1663,0.221,23.4716,0,0.0653,0,0,0
"TCGA-AY-6196-01A",80.2193,0.1679,0,365.0574,0.0472,0.2259,2.2805,0,17.7685,4.542,4.7454,0.8058,0.0446,0,63.7725,6.859,78.7463,68.3674,0,5.3147,0,0.0426,0.2383
"TCGA-AA-3506-01A",42.7317,6.4215,6.7945,388.1418,0,0.014,77.2918,0,237.9376,17.0328,1.6237,6.2184,0,0,31.2495,11.6644,1.0566,6.939,0,0.4734,0,0.1548,0
"TCGA-AA-3852-01A",114.3695,6.47,2.3012,313.5827,0,0.0142,0.0106,0,731.7359,16.4388,2.7319,8.4554,0,0,30.8337,14.0275,11.6037,137.0217,0,0.3885,0.0558,0.0786,0
"TCGA-A6-6137-01A",303.0628,57.5106,2.2374,1139.2714,0,0.0052,1.0536,0.0051,79.1035,54.9086,6.1057,69.4722,0.04,0,33.162,39.9702,1.7049,61.0298,0,4.3168,0.0542,0.1338,0.0267
"TCGA-AA-A010-01A",294.8947,13.7862,0.9801,435.9682,0,0.3277,11.756,0.0135,80.8727,9.7439,3.7854,7.3609,0,0,33.2546,8.1981,7.2019,141.4801,0,3.8766,0,0,0
"TCGA-AA-3973-01A",34.1258,53.9677,2.7466,615.0418,0,0.0656,2.2389,0.0108,2.3827,50.3583,4.4281,44.0108,0,0,25.616,2.7273,1.2173,3.6665,0,0.9841,0,0.0402,0
"TCGA-A6-6648-01A",40.7465,85.9754,7.0639,852.3236,0,0.0118,3.3232,0,433.8,11.8707,3.2726,15.4018,0.0124,0,52.4168,25.1049,0.7834,112.0604,0,10.702,0,0.0119,0.0083
"TCGA-A6-2683-01A",126.6481,3.1541,0,228.2734,0,0.0033,0.1794,0,204.657,20.7307,2.654,31.6375,0.2316,0,51.4325,22.8677,0.1091,43.4824,0,5.1364,0,0,0
"TCGA-AA-3930-01A",51.8024,5.7009,6.6937,401.3404,0.1168,0.0191,0.328,0,107.09,16.0307,4.1558,7.8587,0,0,10.8681,4.4961,7.5067,6.1637,0,27.9402,0,0.1055,0
"TCGA-AA-3979-01A",129.0504,23.3057,0,1951.0822,0,0.0227,0.1259,0,33.4047,16.6329,4.0598,25.3307,0,0,5.0331,6.554,0.1958,2.3724,0,0.0675,0,0,0.0501
"TCGA-AA-3860-01A",15.1651,46.4365,2.0087,1154.956,0,0.0311,0.2875,0,39.2512,19.1917,4.3047,9.4892,0,0,49.3919,2.7159,1.9133,3.3335,0,0.0969,0,0.0343,0
"TCGA-A6-5665-01A",137.7536,4.2826,4.7635,1003.284,0,0.0088,4.4704,0.0053,278.3183,33.7554,3.6397,9.6936,0,0,63.0137,33.7075,3.8312,9.0692,0,22.4339,0,0,0.0956
"TCGA-AZ-6603-01A",11.6305,58.0343,3.7031,843.2722,0.0168,0.0083,0.8083,0.002,49.621,49.9523,3.1207,22.0692,0.0159,0,45.7387,7.5054,0.7325,5.569,0,0.0857,0,0.0304,0
"TCGA-AA-3819-01A",64.3924,36.6045,2.6549,401.0555,0,0.0049,3.9271,0.0073,562.618,12.6908,3.1251,28.4927,0,0,44.4219,18.9419,0.5697,47.3628,0,0.6531,0.0772,0,0
"TCGA-AD-6964-01A",234.761,2.9269,2.8468,332.5566,0.1762,0.1154,0.4373,0,107.4869,3.1891,2.4539,2.5079,0.0833,0,14.2527,62.5305,2.6804,145.9871,0,2.1471,0,0,0.0742
"TCGA-AA-3984-01A",154.6919,30.571,7.5085,618.5141,0.0387,0.0475,0.4065,0.0047,30.42,17.3711,2.7231,18.3557,0,0,18.6982,6.6279,0.5493,5.9752,0,0.0494,0,0,0
"TCGA-AA-3862-01A",327.88,6.9913,0.4513,735.1515,0.256,0.0042,0.6001,0,79.8855,32.481,1.3986,8.5281,0,0,28.7549,29.6308,0.1263,5.0074,0,0.1306,0,0.0463,0
"TCGA-G4-6322-01A",88.6948,18.6731,3.3173,1410.3956,0.0627,0,0.0613,0.0076,2108.2005,26.0256,6.3195,14.8006,0,0,38.134,59.0416,3.0469,541.7703,0,0.4,0,0.0425,0.0099
"TCGA-AZ-6598-01A",99.1781,0.6935,3.2644,1007.9463,0,0.0018,1.367,0.0027,695.8671,18.0836,1.2701,3.3029,0,0,39.385,2.1117,0.0851,75.9635,0,0.0093,0,0.1378,0
"TCGA-AA-3850-01A",162.3659,6.1,2.1975,528.6392,0,0,4.7682,0,168.6904,34.3603,2.7188,32.2967,0.0393,0.0248,17.8545,12.8562,0.4015,7.8146,0,1.4486,0.4262,0.0375,0
"TCGA-AA-3950-01A",35.1295,0.6309,2.9503,359.5974,0,0.0039,1.0274,0.0116,149.1393,5.043,0.2437,1.3274,0,0,15.0224,0.1469,0.0983,1.9923,0,0.183,0,0.3024,0
"TCGA-AA-3713-01A",223.0283,20.2978,4.2142,1472.2827,0,0.0125,2.4141,0,2672.5709,15.0521,9.4262,8.7801,0,0.0114,97.7576,34.6839,3.9911,237.5655,0,0.0976,0,0,0
"TCGA-D5-5537-01A",43.5189,27.5151,3.5367,558.178,0,0,6.3896,0.0027,8.6868,31.1826,4.2576,28.5125,0,0,21.2481,0.9511,0.0275,0.1935,0,0.019,0,0,0.0422
"TCGA-CM-5863-01A",191.0047,19.747,2.3242,1497.6314,0,0.0173,70.9294,0,970.2122,29.8385,2.2001,9.8722,0,0,87.7591,23.2527,59.5418,53.2729,0,0.1345,0.0225,0.0159,0.0666
"TCGA-G4-6311-01A",51.402,41.4594,5.5572,744.4813,0,0.0888,4.9075,0,88.9714,19.1873,3.691,34.0344,0.0477,0.0301,41.2424,10.2647,0.0467,1.1043,0,0.0751,0,0.0456,0.0478
"TCGA-CM-6167-01A",163.5024,121.579,6.8375,488.1438,0,0.0307,6.9034,0,67.507,10.4565,1.4995,4.1697,0,0,33.4888,14.1105,0.583,19.5349,0,0.0796,0,0.0242,0.2365
"TCGA-CM-4751-01A",249.415,11.8741,3.6456,456.667,0.5216,0.1766,20.5349,0,275.1772,17.0596,2.4596,0.192,0,0.0107,32.4198,31.8827,8.5113,36.0608,0,4.289,0,0.1625,0.0568
"TCGA-CK-6751-01A",246.6195,6.0249,1.6793,387.5099,0,0,1.1836,0,1160.5636,9.3416,1.4024,1.8082,0,0,11.4289,12.6555,45.9457,86.3359,0,3.2671,0,0.0574,0.0134
"TCGA-AA-3561-01A",32.7575,1.3738,4.4478,277.0833,0.036,0.0118,14.2213,0.0088,56.6435,4.5768,2.1601,1.5393,0.0341,0.043,23.6231,1.0088,0,4.679,0,0.0153,0,0.0326,0.0455
"TCGA-A6-2682-01A",71.8191,5.0411,15.668,326.1483,0.2222,0.0182,3.02,0,134.0574,28.6028,1.7815,8.066,0,0,24.761,4.3481,0.9289,7.7576,0,0.8187,0,0.3346,0
"TCGA-AZ-6599-01A",52.9105,17.5662,2.7332,718.8278,0.2658,0.0018,0.119,0.0108,2115.752,13.2024,2.104,15.7025,0,0.0132,26.9277,51.5133,128.5234,45.8388,0,0.1507,0,0,0.042
"TCGA-AA-3845-01A",79.1912,10.0835,0.451,242.2639,0,0.0084,0.2249,0,224.1357,7.7591,2.9726,6.9928,0,0,8.0376,18.7306,0.5997,10.2252,0,0.0653,0,0.1387,0
"TCGA-A6-2685-01A",43.3373,65.5038,3.4402,722.9638,0,0,6.175,0,415.8888,33.6265,2.6573,7.6675,0.0369,0,32.7185,9.8912,0.3451,20.2517,0,0.5144,0,0,0.0246
"TCGA-AY-6386-01A",224.4995,1.5955,0.7503,686.0029,0,0.0052,3.9957,0.0026,519.2183,75.8189,1.245,32.4915,0.0604,0,21.3704,7.4851,42.0398,246.1161,0,1.149,0,0.2499,0.0134
"TCGA-AA-3712-01A",36.7204,90.1113,6.7949,748.9883,0.0203,0.01,8.8018,0.0025,306.8229,18.1704,3.3372,4.9385,0,0,105.8706,6.0587,0.7925,13.3322,0,0.0776,0,0,0.0128
"TCGA-AA-3517-01A",34.7251,77.4982,6.9689,577.561,0,0.0065,85.1884,0.0144,249.6652,15.868,5.8825,4.474,0,0,47.0648,17.3788,2.1864,8.121,0,0.3529,0,0.0357,0
"TCGA-A6-3810-01A",57.8556,29.8976,2.6538,729.3258,0,0.0986,0.9556,0,0.4406,49.0786,3.7642,16.823,0,0,34.6258,5.3266,0.031,1.3648,0,0.1707,0.0643,0.0907,0
"TCGA-AA-3511-01A",26.4181,78.6837,4.0396,728.3585,0,0.0052,2.3692,0,480.1456,47.7719,5.7696,30.102,0.0747,0,32.6256,9.6878,3.9869,48.7075,0,0.0672,0.0203,0.0286,0.01
"TCGA-CK-5916-01A",108.8068,3.083,0.7027,640.4551,0,0.0326,23.0451,0.0129,230.9693,4.8521,1.2242,1.986,0,0,28.1147,43.1537,3.2781,401.1606,0,205.4879,0.6473,0,0.2014
"TCGA-DM-A28M-01A",284.7556,20.4446,0.9439,689.9692,0,0,25.5155,0,82.8907,20.481,2.1474,5.8883,0.0127,0,42.3617,21.3776,0.677,23.2513,0,0.1821,0,0,0
"TCGA-A6-6651-01A",7.7059,19.9687,0.5753,279.1624,0,0.0654,6.4098,0,0.3974,8.2529,2.0421,6.2713,0.0154,0,21.7262,0.9412,1.1003,6.1969,0,0.0347,0.0209,0.1621,0.0103
"TCGA-AA-3667-01A",40.1505,94.8237,6.5849,358.5904,0,0.1834,2.4624,0,98.4009,21.9842,1.7132,12.3633,0,0,95.2455,12.2075,0.96,17.0283,0,1.8263,0,0.1687,0
"TCGA-A6-5666-01A",24.6991,7.1128,1.0926,539.1037,0,0.0122,0.0787,0.003,0.5125,7.3365,1.1926,13.4462,0.0234,0,41.9393,0.0888,0.1682,20.9069,0,0.0211,0,0.0224,0.0157
"TCGA-AA-3982-01A",63.0527,80.2182,1.8728,385.3599,0,0.1391,0.9545,0.062,278.8102,12.5532,2.3907,6.8963,0.1206,0.152,35.3555,9.6815,2.3503,20.3691,0,0.1807,0.109,0,0.1073
"TCGA-DM-A1D7-01A",54.7989,103.773,7.1852,671.0734,0,0.0011,5.3132,0.0017,131.1832,15.7463,2.991,0.236,0,0,29.3672,8.8281,0.2869,30.4303,0,0.1703,0,0.0125,0
"TCGA-D5-6541-01A",168.3066,28.5698,1.1251,784.7853,0.0128,0.001,0.5049,0,4.2547,21.3511,2.2584,20.8234,0,0,6.2159,3.8686,0.0052,0.0443,0,0.0488,0,0.0231,0.1612
"TCGA-DM-A0X9-01A",20.4245,12.9695,1.3707,369.3888,0,0.0049,1.5159,0.0044,107.3348,15.0015,4.0917,11.0862,0,0.0071,19.9019,2.7683,0.1427,12.3334,0,0.0356,0,0.054,0.0227
"TCGA-AA-3877-01A",74.432,0.8341,5.3736,433.6196,0,0.0233,8.6532,0.0099,1359.8884,4.5637,2.9494,6.2487,0,0,37.2954,4.2796,8.8829,291.2236,0,0.7257,0.7817,0.0734,0.0257
"TCGA-AA-3989-01A",30.4196,3.8111,2.6458,455.7121,0.0375,0.0031,0.284,0.0137,114.4896,18.6443,0.9714,5.8489,0.071,0,24.7454,2.8495,0.702,69.7274,0,0.319,1.9243,0.0678,0
"TCGA-A6-5660-01A",17.3359,23.7188,2.9656,845.8659,0.0631,0.0017,2.0588,0.023,6.9499,60.6076,2.3704,9.7888,0,0,66.9703,2.8458,0.2637,12.2578,0,0.1609,0,0,0.1062
"TCGA-D5-6920-01A",314.7622,175.5894,11.6515,1740.204,0,0.0058,6.8681,0.0043,673.666,66.5024,5.7556,23.4849,0,0,32.4077,87.8992,8.8711,144.0304,0,0.045,0,0.0955,0
"TCGA-AA-A01X-01A",69.6883,16.1819,1.7705,239.003,0,0.0603,2.5912,0.0122,245.7131,35.5897,2.2657,13.3685,0.095,0,22.8696,9.7414,0.5576,22.9187,0,0.4697,0,4.1435,0.1268
"TCGA-AA-3864-01A",183.7639,4.5707,5.4629,666.3074,0,0.0036,2.0429,0.0108,339.7849,4.971,1.48,2.1743,0.1675,0,34.6729,13.9693,8.8747,172.2137,0,2.6538,0,0.04,0
"TCGA-CM-5860-01A",17.2826,11.7848,2.6355,526.0276,0,0.0024,37.2469,0,8.1294,17.9796,2.4502,12.642,0,0,19.9452,1.2247,0.043,1.2977,0,0,0,0.054,0.0378
"TCGA-AA-3696-01A",77.2914,29.9503,4.6174,404.7015,0,0.0214,7.2905,0.2231,113.4225,36.1456,10.8386,7.2711,0,0,55.8215,6.1687,1.1848,12.3784,0,1.7817,0,0.9465,0.3308
"TCGA-D5-6531-01A",67.8889,3.7209,1.6201,769.4173,0,0.0485,59.5158,0,5.5119,7.2974,1.0157,1.4391,0,0,40.2187,0.1847,0.1932,26.3184,0,0.1042,9.1906,2.4353,0
"TCGA-A6-6652-01A",56.443,17.5124,4.0267,568.275,0.0208,0,3.3462,0.0076,2.3465,68.5994,7.8181,35.296,0.0393,0,49.2683,5.6701,1.6267,13.2822,0,0.0353,0,0,0.1836
"TCGA-AA-3844-01A",127.4965,19.1232,1.2982,506.2718,0,0.0121,0.1888,0,66.1748,9.9303,5.5015,5.1892,0,0,24.0278,7.9426,0.0757,4.7941,0,0.0157,0,0,0.0233
"TCGA-DM-A28K-01A",695.7724,14.6539,0.6953,520.7487,0,0.0032,0.2119,0.0072,2243.3726,23.6558,4.8643,19.5405,0,0,26.8262,26.9625,8.0206,303.3682,0,7.6217,0.0253,0.0178,0.6351
"TCGA-CK-5914-01A",14.5018,84.8667,5.3019,540.2214,0,0.0066,1.8064,0,38.256,7.8379,2.5095,9.8475,0,0,39.8402,1.3277,0.1896,8.7524,0,0.1875,0,0.0906,0.0253
"TCGA-AA-3672-01A",160.3036,7.879,3.0896,282.5899,0.4674,0.4017,6.9892,0.0284,206.0524,6.9889,1.2623,1.2475,0,0,31.0429,43.0299,5.0208,393.6405,0,0.1987,0,0,0
"TCGA-CM-6169-01A",40.5901,2.3358,0.8624,822.1473,0.0978,0.02,50.6427,0,9.7535,17.3261,2.1739,5.3275,0.0463,0,22.545,1.628,0.171,51.814,0,0.1248,0,0.5303,0.0927
"TCGA-AZ-5403-01A",34.8611,24.4425,1.8073,558.3023,0,0.0056,0.5173,0,47.4428,23.0473,0.6873,15.1297,0,0,36.2677,2.986,1.3818,18.3911,0,0,0,0.0823,0.0144
"TCGA-AY-A8YK-01A",55.345,64.872,4.6565,692.3285,0.0377,0.0062,2.3033,0.0161,285.1739,51.7762,8.7304,26.7518,0.0357,0,26.8342,26.6156,2.122,62.4664,0,0.0882,0,0.7841,0
"TCGA-AA-3496-01A",39.3197,94.7207,5.2813,1237.9573,0,0.0042,0.9363,0.0083,24.9837,17.0221,2.516,7.7499,0.0162,0,50.1565,9.7084,0.3977,141.6644,0,0.5677,0,0.0928,0
"TCGA-AD-6895-01A",48.321,0.6041,0.8921,1349.0071,0,0.0021,0.1544,0.0123,185.8019,13.6617,4.5853,8.2668,0,0,22.0639,25.9912,19.0358,269.3113,0,2.4958,0,0,0.0799
"TCGA-AA-3986-01A",101.8462,2.4529,1.3802,300.1566,0.5325,3.4528,7.3101,0.0038,79.0805,24.3368,2.4642,5.4169,0.0592,0,9.5925,10.2992,1.6162,57.3711,0,0.1864,0,0.1698,0
"TCGA-AA-3972-01A",48.3947,26.3577,6.5459,614.4984,0,0.0032,27.6565,0,93.9817,12.4489,6.4138,8.6803,0.037,0,35.8301,5.4698,2.1216,9.4093,0,0.0499,0,0,0.0494
"TCGA-F4-6854-01A",28.242,66.0549,2.1904,572.2416,0.071,0.0058,44.1375,0,109.1404,47.4918,5.8871,58.3728,0,0,50.9614,6.5676,1.0584,41.9919,0,0.0981,0,0,0.0336
"TCGA-CA-5256-01A",13.7061,1.6591,15.0986,353.4087,0,0.0029,0.1743,0,0.8793,17.8263,1.2076,5.7915,0.0338,0,16.1995,0.2436,0.0147,0.1101,0,0.0303,0,0.3546,0
"TCGA-A6-2674-01B",21.6683,1.9197,1.6378,398.8568,1.7964,3.067,0.4386,0.9494,111.0882,14.072,38.823,2.7774,0.2343,0.2215,7.877,24.4486,0.1783,1.123,0,0.5267,0.5559,0.5036,0.5476
"TCGA-AA-3833-01A",53.8351,11.1331,5.7274,464.3472,0.0406,0.0299,3.6589,0,117.5814,8.3106,1.1755,3.122,0,0,36.4612,11.706,142.0174,110.1264,0,56.5983,0.0521,0.0734,0.6411
"TCGA-AA-3663-01A",8.5186,0.2132,1.9233,652.6689,0,0,0.4558,0,464.4795,2.9131,2.1893,2.7956,0,0,7.8991,4.3733,0.0847,36.4584,0,0.0309,0,0.0438,0.0153
"TCGA-CM-4747-01A",33.9761,10.7292,5.4189,187.2571,0.0512,0.0042,2.7894,0,84.0529,30.3226,2.214,27.4592,0.1454,0,42.5285,3.6197,0.0105,0.336,0,0.4574,0,0.3703,0
"TCGA-AA-3556-01A",335.3128,10.2488,3.5617,1608.5451,0.5388,0.022,12.738,0.0164,504.9803,14.2997,2.4985,10.2584,0.8917,0,22.7127,3.2794,1.9478,47.1386,0,0.0764,12.4916,3.042,0.0284
"TCGA-AY-A54L-01A",51.7288,21.9655,13.792,750.4631,0.0489,0.0093,2.9449,0.004,73.7469,18.3276,1.4087,4.2114,0.0308,0.0097,22.2991,6.4478,0.439,3.2886,0,0.3465,0.0418,0.7657,0.0412
"TCGA-CM-4752-01A",55.2531,72.7235,2.4738,468.7069,0,0.0066,0.4503,0.0049,97.9376,15.6941,1.1442,5.565,0,0,38.3947,10.1405,0.0907,9.8452,0,0.2386,0,0,0.0253
"TCGA-A6-6654-01A",10.3425,43.3885,1.3318,292.7309,0,0.0459,3.6418,0,33.7578,15.381,0.7568,13.1367,0.0204,0.0129,45.3916,2.5381,0.6258,4.6925,0,0.0826,0,0.039,0
"TCGA-DM-A28A-01A",23.0475,13.6747,4.6999,729.7641,0,0.1564,1.6925,0,2.756,15.4929,2.8849,16.2253,0.021,0,58.5813,0.4739,0.2421,42.0757,0,0.085,0.0285,0.0201,0.014
"TCGA-CK-4952-01A",140.1169,1.7229,0.7343,867.1375,0.0208,0.0051,0.4933,0,810.3311,9.0266,1.9359,3.9581,0,0,11.1063,14.5158,5.6011,358.6761,0,0.2037,0,0.2822,0.1447
"TCGA-AA-3530-01A",68.2041,45.9931,2.9913,588.3845,0,0.0069,0.4557,0.0258,152.4372,22.4593,4.6436,4.2576,0,0,30.4343,12.1192,1.099,46.9042,0,0.505,0,0,0
"TCGA-AA-A017-01A",94.2158,147.6832,3.6966,554.5869,0,0.4621,1.5832,0,14.0886,42.9958,3.5906,20.6667,0,0.0192,54.302,5.891,0.3184,9.5272,0,0.6446,0,0.0874,0.0407
"TCGA-F4-6808-01A",61.9557,11.4942,4.2085,700.3255,0,0,66.2152,0,26.7352,29.3355,1.789,7.1369,0,0,40.5818,2.6463,0.2057,3.3506,0,0.058,0.0875,0.0616,0.0574
"TCGA-A6-A566-01A",140.9645,4.5565,2.9057,219.9743,0.0275,0.0045,10.7117,0.01,272.0038,16.3172,4.8999,3.813,0,0,24.4304,15.7572,0.706,118.8102,0,2.2775,0,0.1737,0.0173
"TCGA-AA-A01I-01A",60.2366,22.3521,0.2329,543.5147,0,0.0108,1.0385,0.0064,44.8474,14.4027,2.2941,10.3237,0.1499,0,6.6615,0.3652,0.1793,8.9893,0,0.1685,0,0,0
"TCGA-AY-4071-01A",85.7249,120.5261,9.1301,703.3064,0,0.0026,7.158,0,70.3792,49.8874,5.7585,90.6872,0,0,59.7411,31.2622,0.8132,9.1305,0,0.1735,0,0,0
"TCGA-AA-3492-01A",127.5338,0.9872,4.0341,721.9204,0,0.0262,37.6802,0.0056,82.9938,18.2028,1.4834,11.0435,0,0,12.3903,0.4608,0.0659,0.1501,0,1.7512,0,0.0827,0.0289
"TCGA-AA-A02H-01A",15.8822,77.1003,10.8276,885.5234,0,0.0302,0.8998,0,58.7253,31.97,5.6341,24.1327,0.2324,0,92.9627,6.7714,1.1113,5.829,0,0.47,0,0,0
"TCGA-CM-4744-01A",77.2974,0.9282,10.8519,321.8805,0.0145,0.0403,33.1331,0,0.16,8.0028,1.1072,5.0105,0,0,10.4005,0.2151,0.6135,28.9058,0,0.0123,0,0.0131,0.0183
"TCGA-G4-6295-01A",20.4608,3.6142,0,533.3817,0,0.0149,2.3169,0,14.8104,5.2252,2.7792,2.004,0,0,28.8621,5.8548,0.2948,26.8424,0,0,0,0.0236,0
"TCGA-DM-A28C-01A",43.7305,9.2689,0.9489,110.3695,0,0.0013,0.0713,0,5.6227,9.3764,1.8777,4.6959,0.1309,0,19.069,0.4094,0.3067,0.5013,0,0.1569,0.0197,0.0139,0
"TCGA-D5-6926-01A",28.5391,14.1466,4.1842,972.0836,0,0.0175,0.2956,0,2.9846,35.469,6.8751,13.8365,0,0,51.2113,8.3605,0.327,84.2048,0,0.0605,0,0.3645,0.015
"TCGA-NH-A8F7-01A",1.2585,149.2786,7.6401,590.3081,0,0.0032,3.8863,0.0024,2.8565,23.2571,3.6301,4.8376,0,0,61.1949,2.2895,0.162,2.8499,0,0.1256,0,1.317,0
"TCGA-CK-5913-01A",363.299,9.7132,2.672,1772.7161,0,0.0215,123.96,0.0025,120.8352,14.8881,1.7673,20.93,0.0191,0,66.717,81.0119,88.057,334.4362,0,287.8088,0,0.0365,0.268
"TCGA-G4-6310-01A",14.6198,42.2436,3.423,519.5996,0,0.0026,17.1621,0,1.6131,26.9314,2.1506,18.7967,0,0,79.8804,1.0494,0.3393,0.7928,0,0.0413,0,0,0.0613
"TCGA-A6-3810-01B",22.4915,57.3707,28.788,503.8025,0.2685,1.2084,6.4887,0.4463,0.3801,27.5839,49.6949,7.4519,0.1269,0.4533,17.1123,21.1042,0.0828,0.2158,0,0.3234,0.1721,0.4446,0.5085
"TCGA-AA-3488-01A",137.1929,19.9375,1.4009,427.2582,0,0.0033,0.1649,0.0048,38.3389,27.2908,1.385,35.9748,0.0752,0,46.4674,7.459,0.9068,72.7194,0,0.1351,0,0.5025,0
"TCGA-DM-A1DB-01A",16.6242,5.3373,1.6764,295.3688,0,0.0011,0.0663,0,0.2385,16.4877,6.7293,8.9349,0,0,48.086,0.568,0,0.8831,0,0.1617,0,0.0123,0.0257
"TCGA-A6-6781-01B",56.4348,13.5109,3.1427,369.1523,0,0.2249,2.458,0.1199,685.6282,2.19,9.5382,0.5374,0.5554,0.025,582.3856,59.1878,15.8908,26.584,0,1.0433,0.1613,0.3032,13.7344
"TCGA-A6-6653-01A",350.1992,9.4639,0.4401,1835.4,0,0.0041,193.4539,0.003,1050.4058,9.0655,0.8143,8.9567,0,0.0298,69.6041,58.2458,1.9507,283.8433,0,0.138,0,0.0226,0
"TCGA-F4-6569-01A",164.3799,0.2422,0.3342,220.8424,0,0.0295,30.9662,0,6.6845,7.56,1.0743,8.2179,0.0359,0,9.1607,0.3494,1.8476,126.1572,0,25.8079,0,0.0171,0.012
"TCGA-AA-A01Z-01A",95.5129,33.1383,5.1063,306.6502,0,0.1355,0.6466,0.005,533.1266,14.5037,2.1172,4.5064,0,0,33.2037,13.0996,0.2127,16.7299,0,0.1231,0,0.0748,0.0261
"TCGA-AA-3994-01A",51.171,2.4926,2.8842,331.4569,0.0409,0.01,1.6977,0.0299,295.12,5.9019,1.3674,4.105,0,0,19.1848,1.2774,1.1689,79.7723,0,0.1391,0,0,0.2841
"TCGA-F4-6805-01A",122.92,24.6183,1.7878,484.1726,0.029,0.1518,0.5377,0,243.7782,21.2697,2.0141,8.8478,0.0822,0,26.9444,16.3527,0.2502,31.6065,0,0,0,0.0524,0.0183
"TCGA-D5-6924-01A",6.1207,2.7785,3.5617,407.2148,0,0.0524,0.2466,0.0041,1.8596,17.5097,4.5921,12.2958,0,0,17.6919,1.224,0.3116,2.6826,0,0.0286,0.0432,0,0.0425
"TCGA-D5-6922-01A",80.0715,187.3865,10.3299,278.4358,0,0.0296,0.874,0,18.6231,62.2422,6.1504,22.3409,0,0.0127,42.6479,8.4438,0.2979,8.3971,0,0.0544,0.0273,0.0577,0.0269
"TCGA-D5-6532-01A",42.2039,43.8389,0.3815,792.0037,0.0216,0.0089,0.2378,0,14.7415,26.0399,1.275,3.9283,0,0.0129,49.8041,0.1995,0.0934,11.9482,0,0.092,0,0,0.0137
"TCGA-AA-A02R-01A",84.8942,0.5697,1.4987,163.6932,0,3.2008,5.3242,0.0259,13.1341,0.7583,1.1524,0.3631,0,0,21.236,0.8778,3.3561,19.4162,0,1.1024,0,0,1.3153
"TCGA-CA-5796-01A",208.833,61.2023,1.0391,1650.5491,0,0.0024,63.9778,0,2203.4219,73.5161,0.9552,15.4816,0,0,134.3677,83.1246,82.8831,0.4377,0,0.0376,0.0378,0,0
"TCGA-AA-A01S-01A",91.6014,16.6425,0.9121,273.5332,0,0.0056,0.1095,0.0042,89.9858,24.5226,1.7225,6.2604,0.1957,0,42.3671,7.7228,0.4468,173.5209,0,0.4546,0,0.1246,0
"TCGA-F4-6704-01A",332.9391,6.991,0.474,384.3865,0.2474,0.0379,0.1891,0,259.2933,1.6421,1.3351,1.2401,0,0.0064,6.0803,14.3433,5.9194,465.6343,0,0.2606,0.0138,0.068,0.0272
"TCGA-AA-A00N-01A",477.8188,86.2725,3.2337,780.1234,0,0.0713,11.0401,0.0056,498.4318,23.6295,1.7668,6.0714,0,0,24.4118,59.5345,31.4832,78.5339,0,0.7994,0,0.1243,0.0579
"TCGA-DM-A1HB-01A",889.8544,1.9144,0.3911,1469.5224,0,0.0048,86.4978,0.0054,689.8066,4.0125,1.6553,4.7062,0.014,0,96.0172,28.7466,77.5326,664.8597,0,239.425,0.0569,0.0668,4.5675
"TCGA-AA-A02O-01A",52.5943,128.5209,5.1657,204.3549,0,0.0048,0.8085,0.0178,740.0509,14.9141,1.0513,14.5168,0,0,54.3873,2.9955,0.7411,21.637,0,0.1869,0,0,0
"TCGA-AA-A03J-01A",64.5306,78.749,1.6111,354.0838,0,0.1017,2.3118,0.0089,224.3061,28.2549,2.2281,14.0514,0,0,61.0735,16.3707,1.1425,137.2389,0,1.0103,0,0.033,0
"TCGA-NH-A6GB-01A",84.4912,4.3627,3.2985,1482.6007,0.025,0.3819,69.0029,0.003,27.6902,35.986,4.8465,13.4783,0.0236,0,23.2311,6.2417,0.0513,5.0578,0,0.0849,0,1.9834,0.1733
"TCGA-CM-6163-01A",97.0854,95.3058,2.7135,522.2958,0,0.0042,29.6313,0,252.9848,14.8249,2.6217,25.7471,0,0,31.8618,14.007,1.0584,21.4798,0,0.1309,0,0.0155,0
"TCGA-AA-3854-01A",236.9446,69.7353,2.7069,712.0545,0,0.0025,8.4503,0,1383.7914,34.0482,2.3663,13.64,0,0,84.5894,48.3789,350.8458,2.4524,0,0.457,0.1575,0,0
"TCGA-D5-6928-01A",98.2579,2.8059,2.7577,798.9385,0,1.4551,61.7318,0.0224,314.8543,1.9603,2.6898,0.1572,0,0,10.4689,2.4373,26.4085,83.5744,0,0.2191,0,0,0.3022
"TCGA-D5-6930-01A",46.8483,3.4773,4.0953,568.1041,0,0.006,0.7881,0,1208.8981,7.1983,1.311,3.4986,0,0,43.8941,48.2431,57.7051,602.0011,0,12.2784,0,0,0.0309
"TCGA-AA-3841-01A",134.9268,49.9574,28.6322,367.2907,0,0.2386,8.4193,0,426.0421,47.8556,2.5468,80.7479,0,0,102.8347,20.7816,6.8673,77.0544,0,0.7082,0,0.0752,0
"TCGA-AZ-5407-01A",71.4568,1.872,3.541,647.0281,0,0.0021,50.8769,0,133.5164,13.1615,1.7914,33.1348,0,0,43.4647,21.2322,0.4698,14.9803,0,0.064,0.0322,0,0.0159
"TCGA-AA-A022-01A",33.7385,3.5447,3.9784,396.058,0,2.3643,0.551,0.0353,231.5157,12.8226,4.3111,6.3336,0,0.0192,75.9243,8.6987,0.3049,44.8625,0,5.2086,0.0413,0.0291,0.0611
"TCGA-QG-A5YX-01A",159.3534,155.7693,3.3547,1255.238,0.0181,0.0208,2.1771,0,127.1867,58.5607,1.559,24.5365,0,0,38.1685,63.6414,0.2161,137.384,0,0.0539,0,0,0.0114
"TCGA-AD-6888-01A",111.5287,23.0849,7.7567,809.7014,0,0.0029,3.816,0,44.7068,25.7472,3.2038,83.5099,0.0333,0,44.1635,8.1189,1.1616,5.8428,0,2.2074,0,0.0159,0.0556
"TCGA-AA-3861-01A",41.06,15.8922,0,464.7742,0,0.0036,0.8442,0,372.1352,18.7227,1.4728,7.0042,0,0,28.5769,6.7779,6.015,58.8333,0,0.0754,0,0.04,0
"TCGA-AZ-4616-01A",157.8287,5.2641,5.8103,632.9887,0,0.3976,3.9051,0.0042,20.1527,30.729,1.7574,8.8532,0,0,31.1978,3.665,0.1106,4.2162,0,0.059,0.2447,0.094,0.0219
"TCGA-AA-3851-01A",95.0289,3.8139,4.3933,391.0078,0,0.0063,1.3386,0,170.6931,14.4041,3.2121,9.8245,0,0,24.8991,6.7983,0.3074,31.4681,0,0.5705,0.1475,0,0
"TCGA-A6-2677-01B",13.6182,33.956,16.7713,334.2178,0.8495,0.1446,1.2112,0.2273,0.6543,8.8606,22.5928,6.2397,0.225,0.1013,8.621,2.8239,0.3423,1.1273,0,0.7656,0.3485,0.2456,0.236
"TCGA-G4-6627-01A",133.3492,31.0244,6.1734,800.8928,0.02,0.0164,134.2395,0.0073,293.4775,28.1399,3.2959,7.0506,0,0,26.1993,26.8117,0.3785,12.5952,0,0.0255,0,0,0.1011
"TCGA-AA-3510-01A",151.8488,10.9836,2.0025,538.122,0.0325,0.0159,0.1109,0.0118,119.1772,22.5808,1.7796,7.4154,0.0307,0.0193,38.6087,14.888,0.2202,88.508,0,0.0966,0,0,0.041
"TCGA-AA-3692-01A",105.9022,70.2554,8.3789,318.4192,0,0.0075,1.2054,0.0075,177.1902,12.0514,4.1692,12.2448,0,0,64.9654,10.4245,0.4413,30.4799,0,0.8213,0.0393,0.0831,0
"TCGA-AA-3866-01A",169.5622,41.0471,0.7651,709.5223,0,0.0071,0.2861,0,1.6594,19.8353,1.5748,12.6042,0,0,40.25,3.5775,0.3302,25.5759,0,0.0369,0,0,0
"TCGA-AA-3662-01A",68.7177,19.1249,3.6763,491.0449,0.0758,0.0559,11.6137,0,86.9267,20.5516,8.4246,10.9708,0.0897,0,31.9407,7.4349,1.9918,10.6562,0,0.2418,0,23.4982,0.012
"TCGA-AA-3975-01A",50.0349,103.3464,6.2766,617.0466,0.0396,0.0032,3.7574,0.0048,708.8437,42.1176,7.0723,24.9207,0.0374,0,66.1908,20.4702,2.9364,42.6114,0,0.4541,0,0.1787,0.0999
"TCGA-AA-3977-01A",258.7734,38.432,2.2911,664.0363,0,0.312,0.2539,0,327.4929,10.8657,3.2145,4.0704,0,0,21.4931,9.1973,8.5332,52.0448,0,13.2982,0,0.1566,0
"TCGA-AD-6899-01A",252.4223,31.6616,2.6217,1123.9271,0.0525,0.2033,10.0987,0,47.4203,78.9237,4.6935,25.4801,0.1986,0,22.8406,43.3909,0.2194,26.8034,0,0.0521,0.0449,0.1739,0.0442
"TCGA-AA-3952-01A",159.068,65.9578,4.6382,242.437,0,0.0045,0.3922,0,6.1886,35.8937,6.3116,14.2526,0.131,0,30.087,5.8891,0.3986,1.4958,0,0.1295,0,0.2252,0.0175
"TCGA-CK-5912-01A",17.7074,8.2539,0.9738,1657.9138,0,0.0068,0.2697,0.0101,0.0704,48.2004,3.4906,50.4256,0.0522,0,54.6358,6.8157,0.0114,0.3463,0,0.0117,0,0.025,0.0349
"TCGA-AA-3867-01A",63.7396,17.4719,2.5184,718.128,0.0476,0.1559,0.6046,0,115.6575,16.7156,1.5045,54.401,0,0,41.7929,6.095,0.1175,10.1131,0,0.1012,0,0.043,0
"TCGA-F4-6460-01A",44.4153,20.9677,6.1579,456.4925,0,0.0036,31.2525,0,617.4559,9.359,4.5526,19.0673,0.0206,0,57.6888,21.606,0.5117,32.3549,0,0.2785,0.028,1.3017,0.0138
"TCGA-A6-5659-01A",1.3748,12.4953,2.8417,209.6679,0,0.0038,4.006,0.0028,0.2152,5.2198,0.9693,7.2531,0.0653,0.0137,1.8848,0.2535,0.0142,0.0666,0,0.0196,0.0148,0.104,0
"TCGA-AA-3956-01A",79.0654,24.7447,0.9303,966.2718,0,0,4.136,0,302.1694,23.7302,2.9367,6.9866,0,0.0944,47.5116,11.2395,0.4666,3.3185,0,0.4936,0,0.0953,0
"TCGA-G4-6303-01A",32.8112,49.3085,2.3831,1171.8696,0,0.0332,2.9187,0.0117,3.1722,58.1939,3.7712,42.9697,0,0.046,32.4269,3.6352,1.8066,258.8386,0,0.0328,0,0.4362,0.0732
"TCGA-A6-2672-01B",118.073,11.4182,6.5546,554.2158,0,9.401,262.9227,0.0864,55.5136,14.7563,13.181,5.1969,0,0,113.7697,53.7341,25.8117,310.376,0,5.8777,0,0,0.0854
"TCGA-D5-5540-01A",1.6091,0.4225,3.0359,161.2329,0,0.002,0,0,1.1009,5.0474,2.4574,6.7771,0.0233,0,8.9607,0.063,0.1366,2.4535,0,0.0105,0.0315,0,0.0155
"TCGA-AA-3514-01A",255.4163,0.5597,8.8825,80.0509,0,0,7.7666,0.0213,18.9854,13.679,0.5002,12.7242,0,0.0261,9.9721,0.4038,0.5585,0.7268,0,0.95,0,0.6729,0
"TCGA-CA-6715-01A",2.6802,39.3038,1.0354,1532.0046,0,0.0032,0.0956,0,5.5614,33.6434,3.7035,37.4587,0.037,0,35.3148,0.8787,0.1167,6.5786,0,0.0083,0,0.5837,0.0124
"TCGA-G4-6321-01A",119.1765,136.8531,8.7892,2893.1738,0.0637,0.0069,370.3656,0,6206.9462,48.8704,2.4219,12.8664,0.0201,0,191.8937,35.4106,236.2284,25.4058,0,4.1853,0.0272,0.0192,4.4614
"TCGA-AD-6890-01A",106.1249,7.0162,9.2988,392.1039,0,0.007,1.6221,0.0104,53.3438,35.831,5.411,13.6382,0,0,17.3769,5.2795,0.3459,31.0798,0,0.0606,0,0.0773,0
"TCGA-AZ-6608-01A",87.7676,7.5418,2.1741,641.7375,0,0.0175,0.2449,0,5.7049,28.2488,4.7162,14.3615,0.1089,0,36.6184,1.3498,0.2164,0.7708,0,0.0769,0,0.0149,0.0208
"TCGA-DM-A28H-01A",18.7791,2.7742,6.153,181.2075,0.1948,0.0027,0.8205,0,2.8781,12.8369,3.9876,14.629,0,0,19.6599,0.1884,0.1068,0.0595,0,0.0552,0,0.0147,0.0308
"TCGA-AA-3664-01A",311.5895,5.8694,2.0501,555.9183,0,0.1761,114.0584,0,46.8999,44.6054,10.8808,11.0506,0,0,30.495,36.4381,5.2006,42.2845,0,3.2879,0,0.0525,0.0734
"TCGA-F4-6461-01A",223.0543,8.0451,1.8916,812.8303,0,0.0228,0.3563,0.0052,352.0444,8.4906,3.8104,5.6368,0.0406,0,8.1071,3.3219,0.5074,65.7384,0,0.1095,0.0825,0.0388,0.0136
"TCGA-CM-5862-01A",6.8009,3.735,2.1956,600.6655,0.9217,0,1.4049,0,2.723,13.9848,2.5438,16.808,0,0.0297,27.4053,0.2551,0.169,1.9555,0,0.0953,0.0958,0.8551,0.0157
"TCGA-CM-6678-01A",23.888,60.2126,2.1286,377.2629,0,0.0026,0.5228,0.0059,67.9771,40.7671,1.2274,4.6066,0,0,30.1089,1.2474,0.1258,4.4283,0,0.2669,0,5.8031,0.0102
"TCGA-A6-2686-01A",10.9074,2.7425,14.329,531.7053,0,0.0089,96.9357,0.0088,6.8088,12.2925,2.4448,2.6614,0,0.0108,34.6056,0.7768,3.2533,0.2056,0,0.0845,0,0.1958,0
"TCGA-NH-A50U-01A",39.1297,0.5765,0.9423,676.7843,0.0802,0.012,0.062,0.0114,82.0345,104.1221,5.1703,19.6046,0.0126,0,17.7067,32.6771,0.0082,9.3754,0,0.6704,0,0,0.0253
"TCGA-5M-AAT6-01A",160.2448,3.1581,6.5849,92.2543,0.1107,0.4167,40.1423,0.0303,457.7446,1.8874,2.0079,0.1773,1.5963,0.0165,26.3745,14.3832,0.2162,1.0674,0,7.9169,0.0355,0.025,0.1223
"TCGA-AA-3872-01A",139.1892,15.3283,7.3379,367.7024,0.1998,0.0191,66.4176,0.0041,5.1398,11.4271,1.2626,2.0621,0,0,41.7001,3.5064,0.3149,20.4325,0,4.8135,0,0.4212,1.493
"TCGA-AA-3681-01A",159.5087,9.3901,3.2319,646.6043,0,0.0386,24.0182,0,226.9728,5.332,1.8045,9.843,0,0,14.1644,19.6307,0.6031,45.7303,0,0.8463,0,0,0.0331
"TCGA-AA-3949-01A",32.4865,0.3261,2.9415,459.392,0,0.0455,0.5568,0,152.1953,2.4223,0.5669,0.1188,0,0,8.8419,8.2865,94.9734,59.1251,0,73.3044,0,0.0502,0
"TCGA-G4-6309-01A",374.1443,6.8979,2.754,671.4438,0.026,0.0085,85.4226,0.0063,173.0842,9.0169,5.9126,7.1724,0.0246,0,43.3513,15.1302,2.559,7.4583,0,0.7306,0.2337,0,0.6577
"TCGA-AA-3814-01A",27.8188,42.9496,2.8036,491.4455,0,0.0289,5.1255,0,76.7188,21.3995,2.4638,10.7162,0,0.0211,15.2861,4.3667,0.1817,4.4924,0,0.1052,0,0.0319,0
"TCGA-A6-5656-01A",33.3893,10.6628,3.9039,656.0149,0,0,1.2166,0,0.6272,38.742,4.9091,37.9092,0,0,41.3741,2.1636,0.4022,0.2634,0,0.1961,0,0.0167,0.0117
"TCGA-5M-AAT4-01A",122.7243,95.6513,6.8769,477.6822,0.019,0.0078,2.1558,0,34.9546,36.4242,11.0511,6.1764,0,0,21.7987,12.2235,0.6221,7.554,0,0.1861,0,0.0688,0.024
"TCGA-CM-6172-01A",211.0574,61.8355,1.6194,1573.5834,0.023,0,1.3177,0,313.4678,17.6413,4.3489,40.899,0,0,37.3327,90.127,12.6451,58.195,0,0.1562,0.0294,1.722,0.0435
"TCGA-D5-6539-01A",141.9989,79.5233,1.5277,1213.0995,0.0217,0.0089,52.3789,0,705.0699,49.8481,5.3216,69.441,0,0,45.2856,25.1975,0.6058,63.5551,0,0.0368,0,0,0.0684
"TCGA-A6-2679-01A",104.8049,19.747,1.4723,155.7587,0.2506,0.0068,3.018,0,188.3268,24.1024,0.9874,5.1719,0,0,27.6584,14.1819,4.0182,33.2029,0,5.7168,0,0,0
"TCGA-AA-3941-01A",74.3219,7.7676,11.7459,563.9672,0,0.0061,28.6321,0.009,34.9309,10.1776,3.4332,16.125,0,0,6.8984,1.5224,0.2588,5.4908,0,0.0472,0.8068,0,0.2805
"TCGA-AZ-4308-01A",33.7138,25.9681,3.757,221.4874,0,0.0476,1.5894,0,200.9382,21.0437,2.5039,3.0615,0,0,26.2383,12.8159,2.5654,64.0714,0,3.8879,0,0,0
"TCGA-CA-5254-01A",458.6786,4.9153,2.7789,606.4382,0,0.0014,105.1935,0.0043,0.5357,43.3878,3.2812,21.3937,0,0,32.283,2.197,0.9723,0.0439,0,1.7351,0,0.0158,1.4157
"TCGA-AA-3971-01A",109.2105,91.4431,6.7552,631.999,0.0403,0.0033,1.3788,0.0049,720.5378,26.5618,3.3465,9.4747,0,0,66.384,28.1478,5.2912,50.0449,0,0.2401,0,0,0
"TCGA-CK-6748-01A",5.7147,19.4745,1.8313,880.5765,0.0346,0.0227,0.3297,0.0021,129.4047,47.076,1.267,48.4687,0.0328,0.0103,41.896,1.303,0.0534,83.9723,0,0.0442,0.1554,0.1721,0.0219
"TCGA-AA-3538-01A",37.7514,21.5077,9.6009,564.4454,0.0778,0.0223,3.9987,0,173.9518,21.3508,1.6811,21.7641,0.0368,0,44.1102,5.9219,2.1756,13.4318,0,0.3969,0,0,0.0491
"TCGA-AA-3524-01A",57.212,3.7399,4.9189,334.4863,0,0.0365,0.3543,0.0136,19.4715,14.0553,1.8884,5.9583,0,0,17.6378,2,0.5049,25.5336,0,0.0475,0,0,0
"TCGA-AD-6889-01A",125.1485,1.1602,1.6338,1197.6276,0,0.0287,0.2313,0,75.4171,7.3159,3.3879,2.1549,0,0,15.9617,1.8101,162.5952,340.3554,0,11.3215,0.0264,0.0372,0.013
"TCGA-AA-3837-01A",75.9334,87.0162,1.3415,494.508,0,0.1744,4.7937,0,260.4797,34.819,2.7922,27.6252,0,0,35.2152,12.1559,0.6259,79.3257,0,0.6471,0,0.1375,0
"TCGA-AA-3521-01A",46.9883,129.6928,6.3868,802.0883,0,0,5.7674,0.0118,396.5516,33.1787,5.6816,27.5415,0,0,66.0424,14.5917,3.7742,26.6027,0,0.1438,0,0,0
"TCGA-NH-A8F8-01A",7.3142,9.3302,0.5664,796.2012,0,0.0018,6.7202,0,10.2821,28.6703,5.3311,3.4304,0,0,30.6254,0.5776,0.3171,2.355,0,0.3643,0.0275,0.0968,0.0676
"TCGA-F4-6459-01A",3.9267,4.7213,3.9232,553.5451,0,0.0091,0.413,0,4.0653,52.9563,1.3065,11.3578,0,0,27.0561,1.3749,0.0229,0.4507,0,0.2744,0,0.1005,0.0422
"TCGA-G4-6307-01A",21.8093,217.6187,9.9802,292.8745,0,0.0029,1.0855,0,0.827,27.2417,1.3095,8.0425,0.0113,0,40.39,1.7066,0.2671,18.6038,0,0.0101,0.0153,0,0
"TCGA-AA-3655-01A",156.6363,41.8662,7.1721,505.1757,0,0,0.3803,0,199.0059,42.3167,6.6346,23.3822,0,0,42.2789,13.688,0.325,1.5965,0,0.0593,0,0.021,0.0147
"TCGA-AZ-6601-01A",191.6899,2.416,1.2919,436.0331,0.0209,0.012,48.7235,0.0025,49.5194,5.1086,3.0217,0.6706,0,0,17.3873,2.0582,24.8049,52.8912,0,29.874,0,0.0189,1.4544
"TCGA-AA-3680-01A",49.8153,18.6831,8.5112,438.0817,0,0.0571,11.9584,0,469.6568,47.9079,4.0023,39.8642,0.1015,0,38.7733,5.4839,9.0775,8.2472,0,0.707,0,1.26,0.0339
"TCGA-AD-6965-01A",55.6531,7.3354,2.9686,658.7839,0.245,0.1078,7.2364,0,131.7602,20.9493,2.147,10.8532,0.0579,0.0182,23.6719,2.6701,1.0702,19.8972,0,0.1562,0,1.6596,0.0387
"TCGA-G4-6317-01A",58.3467,52.3373,3.4642,661.4402,0,0.0064,0.1088,0,10.1884,35.8965,4.871,21.0932,0,0,47.3281,0.5098,0.1185,0.2022,0,0,0,0,0.0165
"TCGA-AA-3812-01A",125.5178,161.048,1.7647,414.576,0,0.1202,2.6397,0.0244,1680.2925,36.663,0.789,30.7816,0,0,60.7565,30.1586,19.5669,94.0375,0,0.8228,0,0.0603,0.0843
"TCGA-D5-6932-01A",53.5502,12.9127,0.8104,844.4965,4.2851,0,0.5388,0,11.7075,19.1337,1.6118,23.207,0.0174,0.011,41.7894,2.3349,1.932,50.784,0,0.0078,0,0.1495,0.0116
"TCGA-D5-5539-01A",396.1998,35.4175,1.7725,513.9528,0,0,1.8657,0.0073,1353.1986,18.4124,2.1356,27.1815,0,0,49.2058,17.9107,2.2161,115.2551,0,0.1453,0.1031,0.0727,0.1143
"TCGA-AA-3526-01A",64.8664,22.6429,3.9795,440.8342,0.0196,0.0193,0.2828,0.0024,45.2807,11.3401,1.7446,5.2815,0.0186,0,20.9109,1.9162,0.2825,24.998,0,0.0167,0.0755,0.0355,0
"TCGA-AA-3520-01A",40.1504,8.7313,1.8962,372.0941,10.1123,0.007,0.8929,0,168.0237,14.8324,1.2629,5.3288,0.2442,0,17.4587,5.2427,1.1235,9.3949,0,0.2195,0,0,0.0543
"TCGA-AA-3856-01A",129.849,19.5042,11.9573,709.9903,0.1384,0.0068,2.8931,0.0034,137.7539,19.6836,3.1829,7.8036,0,0,30.8431,9.6668,1.7248,10.5631,0,0.2001,0,0,0
"TCGA-AA-3848-01A",219.518,38.2728,1.9194,290.6854,0,0.049,2.4191,0,329.6788,20.5095,3.4179,8.1374,0,0,102.4471,12.7002,6.145,36.3649,0,3.7958,0,0.0492,0
"TCGA-CA-6719-01A",39.383,93.3819,4.4355,937.8484,0.024,0.0098,0.9303,0,4.2076,39.9962,1.9539,21.6447,0,0,24.9385,11.4178,1.5323,52.5597,0,0.0917,0.0307,0.2165,0.0908
"TCGA-D5-6537-01A",49.5961,71.3661,1.9154,567.1449,0,0.0089,0.8595,0,5.7727,15.769,1.1783,9.1876,0,0,56.3325,0.6304,0.0894,25.615,0,0,0,0.1178,0.0686
"TCGA-AA-3548-01A",139.2385,31.2062,2.0522,407.6011,0,0.0032,0.9759,0,25.4966,34.7564,1.3605,14.3352,0,0,44.8313,6.7813,0.367,15.382,0,0.0495,0,0,0
"TCGA-CM-6168-01A",57.9768,50.1526,2.1337,473.8474,0.022,0.0126,1.08,0.0054,240.5656,10.0461,2.2116,7.3779,0.0833,0,22.9792,6.8729,0.6606,13.2995,0,0.6549,0.1411,0.0199,0.0417
"TCGA-CM-5864-01A",44.5516,3.8759,2.6006,764.8568,6.8405,0.0044,5.9005,0,18.2539,22.4617,2.6189,11.856,0,0,26.3269,1.4465,0.4743,9.0593,0,0.2509,0,0.0485,0
"TCGA-DM-A28G-01A",57.0101,17.7874,0.71,330.6126,0.1074,0.0088,0.1704,0.0065,106.4603,43.0587,5.5987,9.4024,0.0254,0,14.3089,11.1456,0.0966,16.5595,0,1.3013,0.0172,2.1102,0.0254
"TCGA-CM-6675-01A",450.2769,1.2222,2.7521,1728.466,0.0961,0.0039,233.5725,0,3.299,52.5511,7.1234,36.9774,0,0,25.4718,14.6245,0.2815,8.8348,0,0.1225,1.9092,0.4123,0.2123
"TCGA-D5-5541-01A",15.5754,14.521,1.5932,554.8789,0,0.0207,0.0839,0,0.6911,21.0744,3.3272,19.1061,0,0,48.1216,0.2344,0.0297,0.0244,0,0.0384,0,0.049,0.0114
"TCGA-AA-3688-01A",99.1573,22.2646,1.5173,671.6521,0,0.0056,0.8574,0.0042,81.0646,18.5705,2.3299,3.6758,0.0326,0.0205,34.9304,7.3913,2.5342,20.826,0,0.0439,0,0.0622,0
"TCGA-DM-A1D8-01A",37.2229,5.4814,1.2665,335.5086,0.0111,0.0036,0.4102,0,0.3224,11.2629,4.2764,2.4783,0.0418,0,30.3933,0.8205,0.0477,0.0277,0,0.094,0.1417,0,0.014
"TCGA-A6-6782-01A",20.4427,37.6967,1.9999,544.622,0.1735,0.1267,1.0884,0.0032,3.2922,40.8831,3.9339,18.7811,0.0631,0,18.9903,1.1161,0.1015,1.7532,0,0.0738,0,0.0121,0.1433
"TCGA-CA-6716-01A",47.4718,6.445,0.5747,594.6433,0.0217,0.0018,0.0371,0.0026,2.062,31.8624,1.7322,14.619,0.1028,0,38.0946,0.612,0.1341,53.8918,0,0.0092,0.0279,0.0393,0
"TCGA-CM-6679-01A",4.5823,135.8257,10.7442,819.4299,0,2.4173,0.3104,0,1.8888,65.3756,6.6733,37.6307,0,0.0104,75.2096,6.9837,0.3795,18.7699,0,0.0592,0,0.0472,0.011
"TCGA-CM-5348-01A",35.4759,265.5885,14.301,1375.7593,0,0.5229,18.8811,0,10.8442,21.9429,4.6592,50.7129,0,0.0121,185.4407,15.3224,0.6213,16.3367,0,0.0517,0,0.0916,0.4611
"TCGA-A6-5662-01A",3.3837,6.1533,2.986,1020.4475,0.4066,0.0037,0.1434,0.0055,1.4711,77.3345,2.2926,72.2427,0.0214,0.0135,33.5497,0.821,0.2461,8.1726,0,0,0.2027,0,0.057
"TCGA-AA-A01V-01A",260.2116,0.7096,0.9333,297.5971,0,0.3438,31.7381,0.0558,472.2396,8.4077,2.8346,12.5863,0.0334,0,11.7661,57.3119,0.2975,84.2293,0,0.8103,0,11.4787,0
"TCGA-AY-6197-01A",239.6779,6.1795,1.7467,992.1251,0,0,164.5888,0,391.3514,31.3499,13.2253,12.1447,0,0,31.7527,17.8395,1.9272,15.6685,0,1.0194,0,0.0537,0.0501
"TCGA-AY-5543-01A",287.7752,28.895,3.6295,1540.8218,0,0.0462,2.1038,0,47.5887,35.3857,1.8,7.3274,0.0433,0,26.0929,11.4336,0.0815,0.5148,0,0.0065,0.0196,0.0551,0.0096
"TCGA-F4-6463-01A",7.7984,0.6646,0.6262,257.0213,0.1421,0.0814,0.0867,0.0058,45.6792,32.0206,3.9921,24.2724,0.0448,0.0282,6.2843,1.2488,0.4187,24.2052,0,0.3222,0.0304,29.1379,0.0299
"TCGA-AY-4070-01A",23.6598,12.6261,9.4136,217.5485,2.7564,0.0226,3.0955,0.0084,170.523,27.5311,3.2164,6.8417,0.0326,0,58.64,13.023,0.3188,4.0138,0,1.0839,0.0442,0.0311,0.087
"TCGA-AA-A03F-01A",323.876,20.3631,14.901,486.7702,0,0,87.519,0.0199,1588.3647,54.8823,3.8129,78.9532,0,0,47.9992,47.883,2.0183,295.8843,0,0.9274,0,0.1478,0
"TCGA-AA-3811-01A",114.9006,17.7957,3.1782,186.8546,0,0.0131,0.5771,0,551.5484,7.778,3.3973,2.5665,0,0,9.6229,18.4263,1.3509,32.2875,0,17.544,0.0514,0,11.9412
"TCGA-CK-4948-01B",83.7725,3.8515,5.9597,424.4835,2.3893,0.2829,0.4732,0,60.4296,28.7288,1.7152,12.4167,0.0853,0.0537,20.4332,2.1155,0.5128,20.8124,0,3.3409,0,0.2715,0.0474
"TCGA-A6-5661-01A",91.7341,3.895,2.5904,1131.596,0.042,0.0069,99.0826,0.0051,145.9754,12.116,2.2593,6.3652,0,0,23.3003,11.8292,2.2702,136.3029,0,4.4266,0,0.0379,0.106
"TCGA-D5-5538-01A",62.809,1.3783,3.3268,985.575,0.0236,0.0251,0.0922,0,3.0865,42.8258,2.4042,29.5682,0,0,20.911,0.8414,0.5384,4.2726,0,0.01,0,0,0.0894
"TCGA-G4-6314-01A",61.2345,10.744,1.7385,561.5618,0.1753,0,0.1231,0,13.1889,13.4882,1.769,8.4702,0,0,51.3129,0.9724,0.0631,34.4478,0,0.0373,0,0.0792,0.0277
"TCGA-AA-A01D-01A",226.9743,17.9258,11.5296,678.395,0,0.0535,134.0074,0.005,1911.17,7.271,2.7997,13.966,0.1546,0.0487,85.8804,5.2181,6.9674,103.473,0,160.4762,0.0524,0.0369,5.4207
"TCGA-DM-A1D4-01A",271.886,0.8064,2.8548,299.4885,0,0.002,6.0891,0,265.4852,29.1233,3.9417,27.229,0,0,28.6538,22.828,0.1406,61.7806,0,0.1173,0,0,0
"TCGA-AA-3846-01A",64.0759,57.8219,5.0518,647.4434,0,0,2.0244,0.0046,136.4128,27.6472,7.3759,16.2366,0,0,29.7456,20.586,0.5421,11.6156,0,0.2437,0,0.1381,0.0241
"TCGA-D5-7000-01A",44.6696,25.0559,3.9324,449.5352,0,0.0127,3.7367,0.0142,1264.1131,24.7729,5.7649,8.4083,0,0,34.7747,11.6622,18.4135,164.0126,0,0.1732,0,0.035,0.0245
"TCGA-G4-6320-01A",51.9335,10.8148,6.261,537.8802,0,0,22.5808,0.0029,1254.122,30.7364,2.3457,7.9885,0,0,60.9704,18.5997,146.9092,207.0414,0,232.7982,0,0.0428,0.2691
"TCGA-NH-A6GC-01A",94.0446,1.881,1.6299,497.7277,0.0528,0.0476,1.4125,0.0032,1241.2595,43.1771,4.9756,22.9586,0,0,17.5049,54.5498,0.7224,141.7849,0,0.0898,0,1.9092,0.0167
"TCGA-AA-A02E-01A",212.2286,2.3116,1.9304,815.8334,0.0876,0.0789,34.457,0,30.342,28.3833,3.9642,8.8854,0,0,26.5838,5.8529,2.6207,41.8639,0,3.0726,0,0.3957,0.0277
"TCGA-AZ-4614-01A",22.1862,1.6804,2.2004,680.0497,0,2.5511,64.0162,0,15.5136,40.4562,6.0119,30.918,0,0,57.1314,3.0187,0.9899,6.9066,0,55.978,0,0.0644,0.1576
"TCGA-AA-3532-01A",232.1784,49.447,3.756,555.6225,0.071,0.1221,0.6849,0,141.6725,22.9555,1.6649,8.5686,0,0,24.8165,35.0947,3.0811,45.4207,0,0.3925,0,0.0642,0
"TCGA-G4-6304-01A",181.6312,0.9085,0,316.8737,0,0.0782,0.0292,0.0436,44.8469,8.3318,3.0665,5.9487,0.1506,0,10.5987,21.1358,20.6936,78.9457,0,99.2172,0,0.3236,0
"TCGA-A6-4107-01A",33.4741,9.8333,3.079,328.8378,0.0873,0.0071,1.72,0.0106,25.2685,27.9212,2.0175,30.5207,0,0,6.0939,1.6791,0.1017,0.7524,0,0.0743,0.0373,1.7094,0.0184
"TCGA-AA-3522-01A",83.6972,6.4623,3.6508,764.6853,0.0414,0.0034,0.9809,0,325.2126,31.3173,1.8912,11.8517,0,0,16.6112,11.6844,1.073,8.5088,0,0.6339,0,0.4864,0
"TCGA-AA-3818-01A",19.3002,61.3235,3.459,326.943,0,0.0161,0.2395,0.0159,264.7008,30.8869,0.9799,28.8408,0,0,53.0796,0.9432,2.7165,1.0535,0,0.0139,0,0.1773,0.0207
"TCGA-AA-A01T-01A",59.2743,143.0434,14.3997,490.5988,0,0.0098,5.0394,0,204.7495,81.2667,3.1514,22.4625,0,0,53.9236,4.2432,0.7127,10.9832,0,0.1355,0,0.108,0
"TCGA-CM-4750-01A",21.1713,9.252,10.5158,375.7039,0,0.0473,1.174,0.0044,8.4573,25.533,2.1077,5.2496,0,0,51.9189,2.7826,0.0446,1.6039,0,0.1383,0,0.0327,0.1598
"TCGA-DM-A1D0-01A",20.1914,17.4212,1.196,358.66,0.0339,0,1.0877,0,2.2736,24.7403,6.313,8.0161,0.0962,0,15.9783,0.7371,0.0209,0.157,0,0.0769,0.029,5.1892,0.0214
"TCGA-CK-6746-01A",121.2144,0.1013,1.0151,199.9636,0,1.4987,0.0844,0.0644,1.6764,0.3142,3.8545,0.3443,0.1307,0.0275,27.3412,0.7507,62.0875,93.7323,0,179.9391,0,0,15.4459
"TCGA-AA-A02J-01A",37.8724,28.8282,2.0088,522.6304,0,0.0093,0.5286,0,67.2668,45.8205,3.8637,26.442,0.0359,0,92.717,5.2831,0.6795,5.4292,0,0.2099,0,0,0.024
"TCGA-CM-6165-01A",86.8271,162.7185,4.2876,714.6775,0,0.002,11.7045,0.003,232.5998,83.4495,4.0357,28.2532,0,0,38.4352,9.2644,0.135,87.1634,0,0.0517,0,0.022,0.0154
"TCGA-AA-A02W-01A",48.397,15.9399,3.6661,549.2045,0.0378,0.0309,0.8216,0,5.729,20.8118,5.5494,13.0799,0.3576,0.0451,32.8992,1.9487,3.0242,49.8217,0,0.3376,0,0.0342,0
"TCGA-AZ-6605-01A",42.9933,54.121,3.2456,399.7342,0.0194,0.0238,3.1135,0.0024,207.3899,19.4019,2.0779,12.3321,0,0,38.8308,12.7927,0.2789,9.6521,0,0.033,0,0.0525,0.0245
"TCGA-5M-AATE-01A",6.5852,5.933,3.339,326.302,0,0,10.577,0.0033,25.0203,12.9909,6.1003,14.0404,0.0256,0,37.2911,2.9276,0.4395,0.3236,0,0.092,0,0.0489,0
"TCGA-QL-A97D-01A",191.983,4.8976,2.6406,914.7885,0,0.0077,31.2146,0,87.3521,53.5924,10.1524,10.0755,0.0354,0,28.3097,28.4612,0.1001,1.3652,0,0.0955,0,0.203,0.0355
"TCGA-AA-A02Y-01A",251.8939,17.6388,1.7972,531.5939,0,0.0024,56.5442,0.0018,342.0469,17.3321,0.6591,17.354,0,0,24.2903,9.5569,0.1168,16.151,0,0.0186,0,0.0395,0
"TCGA-F4-6809-01A",29.8294,13.7867,1.4198,368.1267,0.0161,0.0053,0.468,0.0039,28.5524,35.2522,2.5512,10.2843,0.2438,0,21.6971,3.8045,0.096,36.9333,0,0.0685,0.0207,0,0.061
"TCGA-QG-A5YW-01A",108.8536,51.3896,10.793,491.8762,0.0272,0.0122,1.3952,0.0017,71.9234,17.1189,2.7512,6.5078,0.0257,0,15.6627,37.2127,2.2714,20.1526,0,2.2154,0,0.0983,0.0172
"TCGA-CM-4746-01A",106.3117,1.8774,12.745,412.9818,0,0.0148,1.3504,0.022,435.9792,9.4457,0.3537,4.3227,0,0,28.9834,10.5614,1.1446,108.894,0,0.7377,0.0927,0.0653,0
"TCGA-DM-A280-01A",378.9152,11.7694,3.5287,665.9071,0.0572,0.0016,136.2006,0.0023,530.8708,15.3142,0.4741,45.6333,0,0,38.2812,16.3319,1.074,137.7265,0,8.8829,0.0244,0.0344,0.0843
"TCGA-AZ-4682-01B",54.7864,70.6772,5.4632,460.3979,0,0,2.6521,0,164.0994,38.6846,2.0941,15.3197,0.044,0,40.4616,6.6665,0.1083,10.2041,0,0,0,0,0.0391
"TCGA-F4-6570-01A",305.8017,0.4057,2.8458,1074.406,0,0.0248,33.5572,0,3.8804,1.0376,1.1065,0.1724,0,0,25.6952,0.0517,24.8025,198.198,0,33.6733,0,0,0.7518
"TCGA-CK-5915-01A",103.6616,52.5887,1.1412,432.7246,0,0,0.0759,0.0032,5.8299,56.6686,5.6423,19.5179,0,0,28.8793,0.5568,0.3567,1.848,0,0.044,0.2988,0.0234,0
"TCGA-AA-3560-01A",59.1641,76.0613,3.3592,581.5625,0,0.3236,1.8843,0.0174,228.8719,37.9191,1.2333,13.5295,0,0,58.8607,10.8371,0.9991,4.1627,0,0.1215,0,0.043,0
"TCGA-CM-6674-01A",603.5666,1.7046,2.6409,713.4985,0,0.0041,3.6882,0,2109.1788,10.245,0.5955,4.9051,0,0,37.2952,34.915,2.3717,211.8685,0,0.0212,0,0.0226,0.2207
"TCGA-AA-3980-01A",64.0687,6.868,1.2623,567.817,0,0.0293,0.2972,0.0044,35.8938,10.4824,4.4591,4.587,0,0,26.9587,2.5173,0.0663,1.395,0,0,0.0459,0,0
"TCGA-G4-6299-01A",93.0391,0.8907,3.2074,63.2376,0,0.0558,1.5992,0.0028,0.4702,16.5397,2.9485,17.2405,0,0,26.7905,1.5098,0.159,3.7289,0,0.174,0,0,0.0287
"TCGA-AZ-6600-01A",75.6449,17.8476,1.6366,493.6466,0,0.0015,75.579,0,316.4218,34.0978,2.2065,11.0616,0,0,39.5519,10.1079,0.21,10.8374,0,0.0632,0.3333,0.1174,0.1055
"TCGA-NH-A50V-01A",161.7709,8.9092,1.3695,449.3088,0,0.0178,0.0948,0.0019,258.7505,20.7729,4.8078,4.7113,0.0588,0,27.7377,33.1849,0.6229,17.1432,0,0.251,0.0199,0.0281,0.0098
"TCGA-AA-3870-01A",45.2374,3.9692,11.9077,378.5359,0,0.0488,34.0711,0,40.0607,24.5596,1.0286,9.3331,0,0,35.6354,23.2925,11.4455,6.2081,0,0.5068,0,0,2.0575
"TCGA-AD-5900-01A",80.3888,2.0348,2.3319,743.2424,0,0.2224,77.2883,0.0088,1314.2292,32.4065,2.26,14.123,0.0227,0,38.6269,20.4358,0.9741,73.4002,0,12.2086,0,0,0.896
"TCGA-F4-6807-01A",73.4174,12.8378,1.4283,541.9355,0,0.2046,0.1922,0.0028,9.7491,13.981,3.4825,3.5098,0.0219,0.0138,19.2826,6.8268,0.0857,4.3538,0,0.0591,0.0594,0,0.0439
"TCGA-AA-A01C-01A",49.0838,160.2653,3.5868,525.4364,0,0.1066,0.9538,0,48.4495,29.5082,2.3558,38.9286,0,0,64.9722,7.6529,2.2088,30.063,0,0.3806,0,0,0.0514
"TCGA-AU-6004-01A",459.2045,2.1117,3.5878,808.8629,0,0.0182,194.7102,0.009,248.4369,19.5231,5.7138,28.0116,0.035,0,82.7644,130.081,0.0456,27.8839,0,0.645,0,0.0334,0.0818
"TCGA-AA-3947-01A",12.6991,0.2914,0,447.6058,0,0,0.5308,0,34.802,2.9205,2.73,1.6714,0,0,19.8208,0.2671,0.0358,1.493,0,0.5546,1.115,0,0
"TCGA-AZ-4313-01A",141.2996,9.264,54.4933,426.4349,0,0.0044,0.1952,0,1083.6619,10.0394,0.9452,3.528,0,0,75.4652,40.5113,93.8996,181.2653,0,6.0499,0,0,0.0673
"TCGA-A6-2681-01A",249.2017,50.3367,3.6886,472.5826,0.038,0.0125,24.5127,0.0046,256.0187,29.9625,1.2951,22.5026,0.1079,0,66.2031,8.1935,0.1955,55.9253,0,0.275,0,0,0.0721
"TCGA-G4-6323-01A",122.4313,19.539,2.0342,644.0653,0.021,0.0223,32.3896,0.0051,147.2501,38.882,2.8055,29.0308,0,0,25.6123,32.5214,0.0518,4.2412,0,0.6155,0.1076,0.5686,0.053
"TCGA-A6-3808-01A",51.3111,5.8598,4.4679,329.9592,0.2028,0.0332,0.7673,0,317.161,11.5697,0.9299,17.102,0,0,21.5577,6.5139,2.0948,52.8871,0,10.9262,0,2.9308,0.16
"TCGA-CK-6747-01A",336.906,1.5863,0.7289,594.68,0,0,3.3474,0.002,349.5289,70.0979,2.434,26.6274,0.0626,0,18.3672,9.9658,2.0402,88.8595,0,1.0336,0.2757,0,0
"TCGA-CM-6676-01A",18.0559,35.57,1.6876,456.2213,0.0213,0.0035,0.3688,0,5.8682,31.5112,2.3677,20.5783,0.1006,0,38.2722,0.4611,0.1137,4.8873,0,0.0995,0,0.2114,0.0269
"TCGA-F4-6703-01A",111.4274,0.2058,0.2665,140.1089,0.3175,0.6039,5.4631,0.0074,4.8811,6.5366,1.9292,9.5236,1.2869,0.5587,3.8693,3.705,0.3823,9.4253,0,0.4114,0.0194,0.2322,0.1432
"TCGA-DM-A0XF-01A",72.0683,31.9488,1.6507,598.7945,0,0.0743,0.1688,0.007,0.2162,12.9028,1.9909,19.4105,0.0136,0,31.1953,0.6244,0.003,0.1473,0,0.0184,0,0.026,0.1001
"TCGA-CM-6171-01A",29.6892,1.1345,2.0842,950.1074,0,0.0018,7.4372,0.0105,255.1361,6.8691,3.9218,4.4067,0,0,59.0556,0.2164,67.9854,7.4388,0,313.5484,0.0551,0.1165,0.733
"TCGA-AD-6963-01A",53.7684,97.8271,3.2094,370.6231,0,0.1291,1.0927,0,21.6338,19.1928,3.5967,43.6705,0.1435,0.009,27.2178,5.8696,0.5147,3.2659,0,0.129,0,0.1645,0.0192
"TCGA-CM-6166-01A",6.4455,4.407,1.2704,357.6757,0,0,0.0422,0,2.041,27.4528,2.2623,7.2636,0,0,26.0348,0.2706,0.1363,2.1686,0,0.0245,0.0739,0.1042,0.0182
"TCGA-A6-5657-01A",19.1539,2.3117,4.3183,342.6154,0.0153,0.0514,18.1333,0,8.4507,10.9573,1.0486,3.4981,0,0,20.2131,1.5938,0.0913,0.065,0,0.0846,0.0196,0.166,0.2224
"TCGA-A6-4105-01A",23.7779,6.4642,3.7157,393.7608,0,0,0.2802,0,78.716,10.1625,2.1291,4.3508,0,0,36.2646,4.2965,0.4478,5.8185,0,0.0199,0.2702,0.0635,0
"TCGA-AA-3968-01A",33.3694,20.6683,2.8568,460.7353,0,0.0133,0.8309,0,125.7886,19.0896,3.8402,18.1675,0.0383,0,52.073,7.6884,3.1904,32.6894,0,0.1206,0,0,0
"TCGA-DC-6683-01A",1.8208,67.0351,1.5228,1000.6426,0.0494,0.0061,1.2052,0,2.4116,59.5984,2.742,23.1371,0,0,73.0268,0.8045,0,0.6903,0,0.0315,0,0.0223,0
"TCGA-AH-6547-01A",192.9804,323.6242,12.5659,1660.9867,0.0168,0.0343,12.8666,0,1651.2912,37.5514,2.5881,4.047,0,0,57.3913,71.32,86.4973,90.7833,0,0.0214,0,0.0303,0
"TCGA-F5-6861-01A",72.1764,18.3515,1.7976,524.9964,0.017,0.0543,1.2656,0,125.5642,24.6751,4.812,31.4648,0.0161,0.0203,10.101,2.2333,1.7961,79.9546,0,0.3468,0,0.0614,0.0215
"TCGA-AG-3605-01A",43.302,43.1752,1.2876,371.3707,0,0,0.2764,0,92.2197,14.4872,1.4219,6.3169,0,0,36.985,6.027,0.6908,11.8773,0,0.0311,0,0,0
"TCGA-EI-6506-01A",130.2912,117.8466,4.6224,869.1816,0,0.0177,4.5191,0,838.9802,33.2305,2.946,10.9678,0.0438,0,30.3564,38.1653,4.5984,99.6696,0,0.1639,0.0198,0.0836,0.0097
"TCGA-AG-4015-01A",52.8527,98.6167,0.6441,586.4881,0,0,1.5255,0,142.5618,36.3492,1.7949,10.923,0,0,63.8701,8.7795,4.6126,38.9393,0,0.0932,0,0.033,0.0692
"TCGA-AG-3609-01A",13.3618,18.8527,4.4539,489.6205,0,0.0382,0.8446,0,13.1109,10.2792,0.8874,1.328,0,0,28.8403,1.2537,0.6393,4.0937,0,0.0331,0,0.2107,0
"TCGA-AG-3878-01A",224.896,200.4613,4.5441,296.9099,0.0344,0.0113,1.8042,0,1092.5768,21.4058,1.4432,17.5402,0,0,59.4623,30.9045,2.9114,62.3239,0,0.3361,0,0.031,0
"TCGA-AG-3582-01A",87.1513,32.6123,2.8736,627.9428,0.2717,0.0178,0.199,0,62.6148,30.7338,2.9794,23.0891,0.0514,0,37.7839,7.752,1.1619,19.8612,0,0.231,0,0.0982,0.0343
"TCGA-AG-3894-01A",14.7379,1.8388,4.2995,280.4274,2.3505,0.029,6.2364,0.0054,40.5648,56.5174,1.8169,22.7259,0.1258,0.0264,5.4861,0.2043,2.4891,42.6487,0,0.3205,0,4.2064,0
"TCGA-AG-3881-01A",347.9349,5.8791,11.6302,247.9369,0,0.0074,5.3767,0,2559.6803,11.1728,1.0109,7.5782,0,0,36.867,5.676,42.7984,133.1992,0,0.3095,0,0.0822,0
"TCGA-AG-A02G-01A",30.3237,34.9687,1.8439,445.0826,0,0,35.2831,0.0254,16.9559,54.9038,2.0895,74.4201,0,0,63.0208,5.0195,1.9957,8.5706,0,0.1957,0,0,0.1057
"TCGA-EF-5830-01A",71.8425,1.0832,0.1974,891.7438,0.2463,0.0275,25.3929,0,3.5637,19.4551,2.3459,10.375,0.0212,0,19.3053,0.1337,0.1565,5.6707,0,0.7235,0,32.5053,0.0424
"TCGA-EI-6885-01A",34.4398,1.6202,1.9105,850.1525,0.1167,0.0096,0.0448,0.002,0.5147,17.6106,1.4784,3.8095,0.9619,0.0497,14.5334,0.737,0.1988,4.3031,0,0.0213,0,0.5874,0.0105
"TCGA-DC-6681-01A",60.0606,12.2375,1.1406,457.2436,0,0.0015,9.0992,0.0045,309.3916,44.6866,1.7108,9.7107,0,0,21.5955,15.5878,0.859,397.2596,0,0.165,0.3792,0.0334,0.0117
"TCGA-AG-3593-01A",97.9051,21.3701,3.6294,465.27,0,0,1.2064,0,22.4327,21.6645,3.716,28.936,0,0,17.8525,15.3511,0.1616,8.5203,0,0.5411,0,1.6909,0.0236
"TCGA-AG-3726-01A",30.5326,107.533,3.018,389.0104,0.2568,0,0.6583,0,36.8612,28.4536,1.2301,11.5156,0.0405,0,130.4889,7.1508,1.0824,128.3863,0,1.3101,0,0.0387,0
"TCGA-F5-6571-01A",5.8155,16.8271,1.1941,920.7804,0.0151,0.0037,110.3359,0.0018,3.939,25.2502,4.6822,10.5106,0.0285,0,26.7722,4.5905,0.065,10.9346,0,0.1024,0.0193,0.0136,0.0951
"TCGA-AG-A020-01A",434.5446,313.7437,19.6484,1098.7008,0,0.0058,11.421,0.0043,3281.9523,11.9007,3.0005,2.7956,0,0.0422,80.0194,38.8879,5.58,208.3255,0,0.2858,0,0,0.0223
"TCGA-F5-6811-01A",38.1989,56.0994,1.5372,1249.4916,0.0218,0.0054,10.0704,0.0027,207.1534,76.3977,2.9284,50.3212,0.6598,0,65.1868,6.2613,1.2595,36.8444,0,0.5746,2.2081,0.2757,0.4543
"TCGA-AF-5654-01A",17.2026,1.9015,3.0101,380.3413,0,0.0033,0.0736,0.044,1.1492,28.8911,3.8205,13.3405,0,0,21.4752,0.8331,0.0454,0.7091,0,0.0256,0.8499,0.0544,0
"TCGA-AF-3913-01A",35.2977,76.717,3.8776,917.734,0,0.0252,0.6659,0,11.4624,78.9674,2.197,27.4305,0,0,46.1715,3.3409,2.2794,35.4538,0,0.1309,0,0.1192,0.0278
"TCGA-AG-3901-01A",128.0138,110.3895,4.3555,335.1103,0,0.0625,0.6581,0,768.986,41.6731,2.4266,17.746,0,0,15.3149,19.963,25.8983,126.077,0,2.4255,0,0.8117,0
"TCGA-AG-4001-01A",4.3999,41.4213,2.3004,707.4525,2.7842,0.0071,6.2873,0,31.1922,49.8018,1.8177,63.905,0,0,35.1366,1.4179,0.0089,0.0839,0,0.3514,0,0,0.0275
"TCGA-DC-6158-01A",92.3589,60.3,2.4679,699.4792,0.1018,0.7271,0.6401,0,62.4785,37.1558,3.1754,15.1646,0,0,40.6007,12.0196,1.256,25.6147,0,0.0216,0,0.138,0.0643
"TCGA-AG-3591-01A",56.6083,5.2423,2.4601,442.2326,0.5583,0.0257,2.6406,0,471.0634,22.4337,2.8233,21.6416,0,0,19.2578,17.558,0.6061,26.0973,0,0.0074,0,0.0315,0.022
"TCGA-AF-A56K-01A",5.3367,23.6619,12.29,356.8781,0,0.005,12.8219,0.0018,28.7796,20.9862,2.7557,8.6733,0,0,45.1382,3.4659,0.1028,0.4356,0,0.0451,0,0.0137,0.0096
"TCGA-AG-3587-01A",6.4583,43.2923,3.2144,316.69,0,0.0213,0.2926,0,1.6082,20.2011,2.8142,8.121,0.0493,0,48.9541,1.0758,1.9281,0.3216,0,0.3987,0.0668,0,0
"TCGA-G5-6641-01A",176.5589,179.3638,6.7259,842.6467,18.1215,0.3702,1.7174,0.0068,385.9216,48.4394,2.3982,12.0578,0,0,39.329,32.0896,1.7572,41.2185,0,0.1534,0,0.1003,0.0876
"TCGA-DC-6160-01A",159.299,65.331,3.9081,808.0634,0.0261,0.0085,5.6929,0,240.3919,20.5959,2.8071,4.6225,0,0,31.4289,41.1271,6.2794,83.2508,0,0.3437,0,0.0707,0
"TCGA-EI-6510-01A",183.1564,317.0475,4.1209,1320.5047,0,0.0014,1.9202,0,898.1474,37.6384,4.0674,36.5823,0,0,62.7707,45.3708,6.8044,250.6279,0,0.7312,0,0,0
"TCGA-DC-5337-01A",127.2385,10.3229,0.1975,396.1712,0,0,0.1586,0,2.1067,19.3275,0.8495,21.5299,0.0636,0,13.0131,4.9479,0.7739,6.2192,0,0,0.0287,0.081,0
"TCGA-AF-2692-11A",75.7071,121.4055,6.7624,978.6297,0.0295,0.0085,16.7579,0,514.6628,17.0391,2.0661,3.5601,0.0279,0,21.7363,26.8937,0.094,63.1087,0,0.0941,0,0.0133,0.0559
"TCGA-EI-7002-01A",2.3186,20.0409,4.8105,1543.0585,0,0.0092,0.3998,0.0046,9.3804,46.5289,3.2684,17.2799,0.0178,0.0112,43.3948,1.7536,0.5533,0.8749,0,0.072,0,0.153,0.0238
"TCGA-AF-2692-01A",76.253,137.9778,19.444,588.8856,0,0.0319,8.4381,0.0579,833.9549,37.8111,8.0588,15.6094,0,0,78.6202,19.8715,2.5524,162.9467,0,1.839,0,0.4298,0
"TCGA-AG-A014-01A",71.2951,1.29,14.2668,308.0685,0.045,0.0368,127.703,0,2.9287,35.6702,2.8228,15.5534,0,0,16.6305,1.0589,0.0092,0.3209,0,0.9558,0,0.0406,0.7666
"TCGA-AG-A032-01A",31.0278,65.7718,7.998,559.659,0.1047,0.0314,2.3177,0.0467,155.7903,41.2571,3.1942,16.2461,0.066,0.0416,70.7846,9.9107,0.5956,9.8487,0,0.3709,0,0.1892,0.1763
"TCGA-AG-A011-01A",258.8048,145.8362,15.5724,579.7209,0,0.0033,38.1558,0.0098,279.4592,22.4801,3.6259,22.8071,0,0,69.4693,9.6688,2.6666,20.2072,0,0.4609,0,0.399,0
"TCGA-DC-6154-01A",12.3114,61.8588,4.098,780.9037,0.2536,0.0623,0.2425,0,1.3945,99.7647,4.1269,95.308,0.02,0.0126,28.0873,1.5544,0.2868,3.0777,0,0.0719,0.0271,0.1909,0.0133
"TCGA-AG-A01N-01A",47.2671,214.8999,7.3639,502.2435,0,0,3.7781,0,82.8128,32.1913,2.5175,13.4187,0,0,53.6857,3.1739,2.1883,10.6571,0,0.7258,0,0,0.0229
"TCGA-DT-5265-01A",92.1965,4.1101,11.674,432.6387,0,0.0016,9.6032,0,228.325,33.5468,2.2825,8.6131,0,0,48.0164,1.2877,32.1124,3.2167,0,0.0512,0.1286,0,0.2028
"TCGA-AG-3580-01A",83.5765,8.2614,3.1046,401.0237,0.1761,0.0144,5.5038,0.0107,75.9487,8.432,4.2181,4.0426,0,0,12.9034,7.4911,1.8557,30.2166,0,0.0562,0,0.0795,0
"TCGA-G5-6233-01A",75.4918,65.4429,7.7731,740.9688,0,0.005,20.6955,0,419.0839,30.8197,4.0133,6.4815,0,0,49.7956,28.8714,2.1674,89.864,0,0.1134,0,0,0.013
"TCGA-BM-6198-01A",200.264,2.4863,2.6572,383.8653,0,0.0446,17.2446,0,82.9464,22.6499,4.4742,7.4183,0.0136,0,18.7676,22.9823,0.1358,7.6841,0,0.0427,0,0.0389,0.0091
"TCGA-EI-6513-01A",38.904,20.5109,0.9506,485.5991,8.4667,0.0338,2.0626,0.0044,0.3614,20.2013,3.3158,10.9002,0.204,0.0107,34.7692,4.276,0.0998,0.2739,0,0.0153,0,0.0974,0.227
"TCGA-DC-6682-01A",14.6826,22.55,0.6128,728.6582,0,0.0398,0.0849,0,28.8411,12.5134,3.4204,4.4046,0.0658,0,14.6572,1.5149,0.0143,0.1744,0,0.1774,0,0.0209,0.0585
"TCGA-AG-A02X-01A",452.4868,113.0418,10.9185,934.0462,0,0,19.9312,0,1961.1411,5.5572,3.2447,1.4548,0,0,82.0451,79.0426,106.4481,436.9178,0,0.0527,0,0.056,0
"TCGA-AG-3578-01A",334.5346,8.2033,8.1364,557.8893,24.8861,0.0066,67.261,0.0049,1961.0433,31.2089,9.04,19.0257,0,0,142.1461,24.5409,0.4126,106.8804,0,1.4333,0,0.0725,0.0253
"TCGA-AG-A026-01A",31.0937,23.7911,1.6853,406.4977,0,0.0052,0.3735,0.0078,9.9002,34.6446,2.962,5.7839,0.211,0,50.6282,2.2514,0.0524,0.6147,0,0.7451,0.0409,0,0.0402
"TCGA-AG-3612-01A",45.7482,12.7423,1.3552,762.8545,0.0384,0.0094,0.1408,0.0047,10.0038,20.8737,1.8177,2.2981,0,0,51.7381,2.3483,2.8213,49.7561,0,0.1961,0,0,0
"TCGA-EI-6917-01A",172.9385,56.3606,4.4595,781.4697,0.0187,0.1288,9.649,0,52.0027,3.0972,2.903,1.4005,0,0,12.1575,0.1887,34.7018,6.4013,0,0.1275,0,0.0339,0.0355
"TCGA-AH-6903-01A",120.5136,73.0628,1.9983,745.5509,0.0296,0.0065,0.8086,0,149.0676,27.1944,1.744,5.0305,0.317,0,28.7734,9.7751,0.1966,33.9273,0,0.1048,0.0253,0.0712,0
"TCGA-AH-6549-01A",86.2679,1.0388,1.5851,368.6679,0,0.0061,43.6962,0.0018,48.0281,12.4871,3.9988,12.5765,0.085,0,24.126,1.1483,0.037,1.7142,0,0.0446,0.3266,0.0677,0.0852
"TCGA-AG-A002-01A",538.1003,0.0852,1.3452,1109.0345,0,0.0042,0,0,0.706,13.7469,3.1939,18.6846,0,0,6.678,0.1736,0.1046,110.4935,0,29.6093,0.0652,0.1838,0.0964
"TCGA-G5-6572-02A",14.2747,4.6738,0.1163,299.1372,0.0132,0.0648,1.3784,0.0016,1.7184,13.6688,0.8012,8.7877,0.0125,0,4.9577,0.2093,0.0054,0.084,0,3.0843,0,0.2383,0.05
"TCGA-G5-6572-01A",15.5856,7.3459,0.7254,466.4938,0,0.0175,0.2934,0.004,0.4848,23.2331,0.9697,32.7939,0.0934,0,22.9702,0.2303,0.0846,0.6382,0,0.063,0.1688,13.7402,0
"TCGA-DY-A1DE-01A",7.5297,104.1344,6.8295,730.6755,0,0.0018,0.6516,0.034,3.0599,35.7091,5.4139,4.8257,0,0,40.3607,2.6373,0.1947,1.0753,0,0.0458,0,0.0194,0
"TCGA-AG-A00H-01A",37.5179,105.5661,3.4685,535.7073,0,0,1.5285,0,38.6612,42.9092,3.3471,26.6598,0,0,46.5316,0.873,1.7432,9.5294,0,0.2129,0,0,0.0226
"TCGA-AF-3911-01A",40.6353,14.9868,9.0391,864.358,0.0297,0.0109,26.2905,0,42.2685,56.7489,3.3386,9.1084,0.1406,0,33.3071,2.4755,0.1131,0.7396,0,0.019,0,0.0806,0.0751
"TCGA-AG-3581-01A",112.4927,81.7821,5.8566,627.7237,0,0.0091,16.6286,0,460.2946,25.044,1.52,5.2812,0,0,50.7692,25.3939,6.0338,68.4342,0,0.0942,0.0473,0.0333,0
"TCGA-AH-6897-01A",16.4023,34.4165,2.5497,675.5835,0.0321,0,0.4395,0.0039,0.528,29.9014,3.0269,14.4131,0.0608,0,20.2765,0.9819,0.2181,0.1798,0,0.0547,0,0.3775,0.0609
"TCGA-AG-3728-01A",125.8635,84.0369,2.2259,401.1477,0,0.0551,3.2679,0,256.6984,51.4568,0.7207,34.7819,0,0,66.3403,24.9677,6.2307,124.1753,0,0.8052,0,0,0
"TCGA-AF-2689-11A",104.4299,242.1523,7.2291,943.9605,0,0.0389,4.9887,0,429.2406,25.0203,1.0471,22.3988,0,0.0086,20.6819,30.7904,0.0799,61.5854,0,0.0489,0,0.533,0.0091
"TCGA-AG-3574-01A",27.772,3.0654,1.3581,359.2917,0.0616,0,0.4138,0.015,27.875,15.765,1.5013,6.0539,0.0291,0,21.1087,2.5348,0.2471,30.1546,0,0.0393,0,0.0278,0
"TCGA-DY-A1DC-01A",36.5002,34.584,4.3003,715.9874,0,0.0104,0.3662,0,1.2129,50.4026,2.2469,14.9326,0.0513,0,55.6428,21.8207,0.1152,78.2917,0,0.0307,0,0,0
"TCGA-AF-4110-01A",101.3128,16.3535,2.8648,669.5697,0,0.0012,7.6491,0.0034,233.4518,19.1669,1.3855,4.4056,0.0401,0,25.8942,14.5467,2.6846,58.1027,0,0,0,0.0638,0.0089
"TCGA-AG-3999-01A",22.4727,7.4361,1.439,324.1702,0,0.0033,0.8271,0,48.7547,34.0713,2.3128,30.503,0,0,26.4281,3.9005,1.5692,32.065,0,0.3817,0,0,0
"TCGA-AG-3592-01A",32.6857,84.2479,6.9123,704.9018,0,0.0011,0.7693,0.0017,45.5574,15.2542,2.0838,21.1714,0.0265,0,46.5123,2.9252,1.9752,24.9188,0,0.0536,0,0.2024,0
"TCGA-CI-6621-01A",107.9926,250.6171,15.6196,669.8392,0,0.0044,1.5316,0.0022,426.3585,20.7722,4.9054,26.791,0.0168,0,46.5911,22.2279,6.9955,104.2793,0,0.1055,0,0.064,0
"TCGA-F5-6810-01A",60.4178,36.5996,3.7692,1112.1095,4.199,0.0048,2.2068,0.0024,10.7346,79.6037,4.196,73.7572,0.0184,0.0116,52.3656,1.7415,0.0839,0.4049,0,0.0248,0.0249,0.4741,0.0245
"TCGA-EI-6514-01A",3.6836,44.2211,2.1083,719.1232,0,0.0024,1.6388,0,0.381,40.9217,1.3804,40.5409,0.0141,0,52.9512,0.9006,0.0799,0.5738,0,0,0,0.0135,0.0094
"TCGA-AG-3909-01A",32.7522,127.4372,1.9152,445.4974,0,0.0178,4.1061,0,558.377,47.7923,2.3651,14.1048,0,0,53.2008,16.7976,2.055,26.8738,0,0.1478,0,0,0
"TCGA-AG-3599-01A",150.5159,33.5256,2.8935,825.2161,0.4742,0.0209,31.846,0.0222,185.7516,11.8466,1.3755,3.0376,0,0,19.4964,4.488,1.7923,13.037,0,0.1706,0.1871,0.7579,0
"TCGA-EI-6881-01A",90.4338,32.5559,2.2297,1042.9113,0.0298,0,24.6837,0,56.7409,20.9172,4.0373,8.8017,0,0,27.1782,24.1148,1.8326,59.5217,0,0.019,0,0.121,0.0282
"TCGA-AG-A02N-01A",64.8748,46.9348,8.9911,537.6879,0,0.0209,2.0547,0.0103,433.0814,7.181,3.2402,2.995,0,0,55.4716,22.2389,1.7477,62.8406,0,0.0903,0,0.192,0
"TCGA-DY-A1DD-01A",0.8439,9.6685,5.9094,346.9336,12.4507,0.0076,11.4104,0.0042,0.7759,31.9816,3.0867,12.613,0.0765,0,47.8754,0.4932,0.0261,0.1672,0,0.0737,0,0.0418,0.0438
"TCGA-AF-2691-11A",132.496,314.9902,5.61,2538.437,0,0.0194,8.6843,0,659.8543,15.634,0.7513,25.3804,0,0,37.8538,37.4131,0.9465,66.3504,0,0.0315,0,0.0134,0.0187
"TCGA-F5-6814-01A",73.4458,41.3348,2.1663,483.3622,0,0.0172,1.2344,0,3.9675,6.3098,1.9825,0.8622,0,0,18.1375,0.4374,0.2599,0.4165,0,0.209,0,0.6344,0.0222
"TCGA-AF-3400-11A",202.5448,183.5673,2.5954,1371.0712,0,0.0011,7.6763,0,774.6435,37.1648,1.3505,0.1715,0,0,38.8932,51.3454,2.2511,186.4992,0,0.0341,0.0172,0,0.0085
"TCGA-AF-6672-01A",159.7315,32.5225,7.459,679.3934,0.4117,0.0075,9.1413,0.0195,584.4198,35.114,7.6645,1.7093,0,0,33.1334,16.0108,63.8125,36.9303,0,0.1361,0,4.8556,0.0578
"TCGA-DC-6157-01A",16.195,23.5726,1.7961,792.9668,0,0.0125,1.8533,0.0031,15.3799,41.1781,2.0198,11.0959,0,0,63.6901,2.7255,2.7024,37.685,0,0.0758,0,0,0.0483
"TCGA-DC-6156-01A",143.691,56.7121,1.5504,1422.5646,0,1.3636,10.4236,0,0.1139,162.488,10.3671,115.738,0.0238,0.015,47.4211,45.5157,0.1395,2.6416,0,0.0107,0,0.227,0.1111
"TCGA-EI-6883-01A",51.8221,126.2429,3.8895,1357.5656,0,0.0075,1.2749,0.0045,6.1236,33.5922,2.6723,29.8387,0.0348,0,35.9199,5.0644,0.1588,100.1199,0,0.0704,0,0.0332,0.0232
"TCGA-DY-A1DG-01A",52.043,44.1925,3.6493,881.3023,0.0166,0.0027,0.5135,0,1.5431,21.6199,3.5176,15.6662,0,0,34.1786,4.2507,0.2349,9.6921,0,0.0282,0,0.0598,0.0105
"TCGA-AG-3583-01A",113.1602,11.4731,2.2486,372.1583,0,0,0.6307,0.0039,384.7253,16.6651,1.3325,8.4436,0.0302,0,28.2479,11.1943,0.8655,19.142,0,0.2576,0.0818,0.0288,0
"TCGA-AG-3575-01A",21.62,0.9087,10.3659,12.889,12.3295,1.4737,0.2178,0.0049,10.7959,4.2557,1.6781,2.0783,0.0767,0,6.2297,3.4603,0.4836,1.2281,0,0.0172,0,0,0.0256
"TCGA-F5-6464-01A",77.9917,3.5507,4.6946,913.8874,0.0222,0.0054,134.7924,0,156.4898,37.5877,2.1261,14.9746,0,0,59.0662,3.7456,0.0228,16.9472,0,0.0189,0.0854,0,0.1121
"TCGA-F5-6863-01A",26.9534,27.9713,3.7493,649.8435,0,0.0079,0.5004,0.0047,1.1116,55.7873,6.2468,13.3768,0.0549,0,45.7154,1.8643,0.008,1.7976,0,0.0411,0.0496,0.5065,0.0244
"TCGA-EI-6884-01A",277.1897,168.2208,6.6336,1349.1953,0,0.0038,1.7342,0,429.7301,79.3242,5.331,44.295,0,0,28.6964,70.444,8.0126,112.6071,0,0.06,0,0.0637,0.0446
"TCGA-AF-A56L-01A",7.7359,3.0686,3.6036,301.2274,0.0164,0.0107,0.0279,0.002,6.1783,33.9537,6.2936,9.4285,0,0.0097,29.0396,2.5397,0.0807,0.2713,0,0.0765,0,0.1182,0
"TCGA-F5-6864-01A",28.1888,36.0008,4.3807,596.3412,0,0.0125,25.1655,0.0047,8.9271,27.8633,8.5412,28.8586,0.0181,0,33.7278,15.4988,0.0943,64.1503,0,0.0488,0,0.0173,0.0483
"TCGA-EI-6512-01A",98.2693,21.528,1.7896,1113.1882,0.0203,0.0017,169.9255,0,202.2446,23.3629,3.7248,8.8879,0.0192,0,51.0615,14.1995,1.3567,38.2476,0,0.0173,8.981,0.0734,0.0128
"TCGA-EI-6509-01A",13.4853,11.5664,2.92,614.839,0,0.0052,31.2372,0.0038,2.0596,16.7867,3.0099,8.9942,0,0,26.32,0.988,0.1719,28.6859,0,0.0537,1.5776,2.7078,0.1195
"TCGA-AG-4021-01A",201.8339,2.3842,3.036,1124.0184,1.7587,0.5193,0.031,0.0176,1.607,51.6325,4.1093,60.8544,0.1543,0,24.6136,9.9714,0.0298,3.0178,0,0.0462,0.4649,1.6214,0.0801
"TCGA-CI-6619-01B",141.6518,73.7034,4.3279,682.5925,0.0327,0.0107,2.8492,0.004,681.1112,21.8215,4.2804,8.4577,0.031,0.0195,20.1451,49.905,9.5738,139.5694,0,0.0696,0.1469,0.1626,0.1034
"TCGA-AG-3731-01A",54.3035,43.0885,4.5852,360.956,0.1927,0.0615,0.9361,0.0023,334.4238,10.1599,2.0736,5.5952,0.0729,0,24.4786,15.1381,10.9095,32.9607,0,1.1386,0,0.2611,0
"TCGA-AG-A016-01A",41.7911,19.8681,2.3241,500.2891,0,0,120.3237,0,90.9399,11.0405,1.3867,3.1531,0,0,54.4175,3.7979,0.6289,128.0175,0,0.6278,0,0.0953,0.0333
"TCGA-AG-A01W-01A",59.6909,13.3038,1.6081,522.8067,0.0365,0.0239,0.0891,0,25.4211,8.8835,2.9305,4.2854,0,0,30.8063,5.0999,0.1876,18.8063,0,0.0621,0.4678,0.1319,0.023
"TCGA-AG-A01J-01A",98.4194,275.2749,4.2377,690.4658,0,0.0033,2.7879,0.0049,328.1926,72.7789,2.2786,12.6618,0.0379,0,57.9784,20.4028,0.692,22.5741,0,0.2385,0,0,0
"TCGA-AG-3608-01A",64.1604,49.8929,3.0755,617.9041,0,0.0127,2.2434,0,300.9057,29.0901,3.3192,32.6183,0,0,48.7694,7.3905,0.6297,14.9568,0,0.1319,0,0,0
"TCGA-AG-4007-01A",41.5059,9.0523,8.0173,466.2029,0,0,4.5092,0,133.1471,37.4134,1.572,17.9873,0,0,30.9614,1.9032,1.1302,3.7913,0,0.1009,0.3042,0.3215,0
"TCGA-AG-3732-11A",44.8637,51.7956,2.246,370.8525,0.0255,0.0083,1.8105,0.0031,280.7929,13.9988,1.4492,11.9708,0,0,11.4307,14.7159,0.0314,22.5461,0,0.0433,0.0653,0,0.0805
"TCGA-AG-3732-01A",201.2563,45.83,8.2459,1106.0477,0.0353,0.0289,113.3317,0,791.6846,14.1056,2.3927,14.3983,0,0,48.5807,71.832,16.5165,37.4152,0,0.0675,0,0,0.0111
"TCGA-EI-6508-01A",91.7438,117.8379,5.6084,971.3637,0.0187,0.0031,61.8535,0,216.5487,35.9588,6.7712,18.0227,0,0,44.3839,20.9317,2.1355,26.6946,0,0.3262,0,0.0169,0.13
"TCGA-AG-3883-01A",19.0643,11.9258,11.0475,144.6497,0.109,0,0.3592,0,75.6844,11.7804,0.5665,4.3055,0,0,22.2836,4.9754,4.3361,14.3587,0,0.1158,0,0.0985,0
"TCGA-AG-3586-01A",260.2083,12.8103,3.0613,452.137,0.521,0.0249,63.0791,0.0053,452.4227,33.3489,3.7433,23.6394,0.698,0.6469,20.8139,5.164,2.2226,76.2715,0,5.8694,0,0.8628,0.0548
"TCGA-AH-6643-01A",269.3397,0.6092,0.6792,535.3227,0,0.0032,3.6875,0.0281,0.4856,7.9953,1.3783,4.7717,0,0,14.075,0.3123,0.206,51.4499,0,0.0164,0.9386,0.1044,0
"TCGA-EF-5831-01A",65.98,58.4383,0.3858,1649.7714,0,0,0.2351,0,296.0915,49.816,3.9304,36.8266,0.0207,0,17.8647,3.3279,0.0945,16.916,0,0.0279,0,0,0
"TCGA-AG-3611-01A",232.0961,9.1873,11.2298,654.0356,0,0,13.49,0,689.1956,49.4691,3.5493,15.4165,0,0,30.989,51.7332,22.7462,275.1795,0,0.4694,0,0,0.0268
"TCGA-AF-A56N-01A",3.0274,4.3654,7.0865,702.2825,0,0.0016,0.2394,0,0.4498,38.2653,4.353,13.9856,0,0,24.5498,1.7837,1.0926,88.7714,0,0.0083,0,0.0354,0
"TCGA-AG-3731-11A",124.5997,73.8311,5.3823,1025.4826,0.0568,0.0058,3.748,0,184.9245,30.1921,1.8815,7.3383,0,0,29.3431,26.3527,1.1796,31.3693,0,0.0664,0,0.0128,0
"TCGA-CL-4957-01A",140.5625,47.9981,2.7474,400.364,0.1247,0.0013,0.6279,0,347.1813,12.1027,2.1094,6.1567,0.1179,0,31.4136,15.405,4.297,58.0321,0,0.0464,0,0.0141,0.0098
"TCGA-EI-6507-01A",55.867,1.926,3.6478,603.0332,0,0.1223,0.1852,0.1343,2093.4534,0.4584,3.5806,0.5401,0,0,33.6696,0.5768,135.8884,248.3592,0,24.4763,0,0.27,2.9618
"TCGA-AG-3584-01A",67.7896,91.1116,5.2707,727.8405,0.0374,0.0031,5.548,0,400.271,49.162,3.192,7.0229,0,0,98.4487,17.6417,3.0122,34.0985,0,0.6356,0,0,0
"TCGA-AG-A01Y-01A",84.8348,58.5653,2.568,220.2931,0,0.0566,0.3468,0,10.9945,11.4651,2.7021,3.1884,0,0,45.4093,13.9464,0.2171,2.859,0,0.5419,0,0.329,0.023
"TCGA-AH-6644-01A",19.4643,38.9038,8.5738,470.2567,0,0.0035,2.1586,0.0026,5.7545,10.8769,2.0269,3.3234,0.2862,0,44.2026,0.6751,0.3378,3.4023,0,0.3033,0.0554,0.0391,0.4368
"TCGA-AG-3594-01A",191.3624,50.4167,3.0195,696.3935,0.0428,0.0175,0.4182,0,4221.6375,25.9287,3.474,10.1497,0,0,41.4104,90.0542,11.9739,59.24,0,0.1821,0,0,0
"TCGA-DC-4745-01A",5.8446,25.115,2.2872,727.4362,0.02,0.0016,0.0975,0,11.521,16.9253,2.8238,11.5084,0,0,25.2035,1.4103,0.2709,5.6792,0,0.0085,0,0.018,0.0126
"TCGA-CI-6624-01C",207.828,287.6835,2.6532,1360.1264,0,0.0014,3.1643,0,893.4725,75.356,3.9167,28.139,0,0,37.1921,39.8004,21.7061,69.3527,0,0.0355,0.0429,0.0755,0.0106
"TCGA-AG-3898-01A",18.3009,37.7568,3.2743,312.6038,0,0.0101,0.5442,0,4.2199,12.9078,5.0734,12.0748,0,0.0246,36.9528,1.2186,0.3649,4.5063,0,0.4387,0.0529,0,0
"TCGA-CL-5917-01A",6.6266,3.0032,12.1143,876.0201,0.0778,0.2823,2.0134,0,0.257,32.6967,5.0323,57.0907,0.0981,0,51.1428,1.1197,0.2346,18.8378,0,0.0331,0,0.492,0.1146
"TCGA-AF-6136-01A",103.6295,100.997,5.6793,667.1197,0,0.005,25.9499,0,282.6781,34.0175,9,16.3139,0,0,53.4799,30.9249,9.122,104.0923,0,0.0391,0.118,0.1109,0
"TCGA-DY-A0XA-01A",22.467,46.0484,1.8223,710.1597,0.0459,0.015,0.1066,0.0056,0.0455,59.6153,8.9202,50.573,0.1521,0.0137,43.8724,2.4972,0.0567,0.0798,0,0,0,0,0
"TCGA-AF-2691-01A",18.1588,35.7163,3.9882,704.7043,0,0.0057,44.4701,0.0085,283.0991,21.9516,4.6542,27.4992,0,0,25.5288,22.6367,23.1288,2.5042,0,0.1924,0.0446,1.4778,0
"TCGA-AG-A00Y-01A",201.5512,61.4137,1.6817,529.9735,0,0.039,19.6585,0.0116,95.2502,31.9355,3.5392,21.4913,0,0,28.0938,8.2786,0.7453,10.13,0,0.2433,0,0,0
"TCGA-AG-4005-01A",79.7069,21.111,4.1879,718.8827,0,0.3921,1.1311,0,170.6667,40.636,3.7207,30.8597,0,0,39.1119,5.0272,1.9456,68.568,0,3.2825,0,0.0715,0.075
"TCGA-AG-4022-01A",33.6227,78.0084,7.8242,754.5693,0,0.0221,35.313,0,212.4895,39.8431,3.2452,9.6835,0.0183,0,59.0092,10.4132,1.3331,12.6818,0,0.0082,0,0.2789,0.1097
"TCGA-AH-6643-11A",78.906,76.0236,12.2155,979.92,0,0.0137,3.4042,0.0026,396.9643,30.1447,2.0374,23.3609,0,0,22.4017,31.0905,0.0993,32.0668,0,0.0357,0,0,0
"TCGA-AG-3892-01A",179.169,26.4132,1.7485,468.4723,0,0.0227,0.7943,0,99.0123,15.03,1.0675,10.4204,0,0,20.5073,8.565,2.2432,5.1427,0,0.3036,0,1.8996,0
"TCGA-AG-A025-01A",237.7492,54.3582,3.4636,204.1138,0.0357,0,0.6542,0.0043,77.9215,39.2311,2.5923,10.8319,0.1689,0,28.6758,9.169,1.0797,195.5364,0,0.0608,0,0,0.0226
"TCGA-DY-A1DF-01A",69.5454,2.6135,13.7141,298.8316,0,0.0018,4.4171,0,0.0942,32.1543,3.4122,7.7904,0,0,42.3042,0.586,0.0706,0.7948,0,0.0091,0,0,0.0068
"TCGA-AG-3887-01A",103.5857,24.1157,2.7151,288.1833,0,0.0084,0.2131,0.0062,174.1854,14.7889,1.4337,13.0457,0,0,59.716,9.0768,5.89,137.2245,0,13.3143,0,0.0464,0
"TCGA-AH-6544-01A",162.6219,158.7961,2.4007,605.0436,0,0.2586,9.5096,0,244.8134,23.0662,1.2844,3.7611,0,0.0108,35.7538,8.6859,1.008,37.1092,0,0,0.163,0.0328,0.0115
"TCGA-AG-A01L-01A",37.4161,38.8579,4.7566,357.7872,0,0.011,12.3414,0,476.887,31.784,3.2176,9.3147,0.0425,0,35.6035,5.9094,1.202,81.6784,0,0.153,0,0.0813,0.0568
"TCGA-EI-7004-01A",113.0924,125.1314,5.0357,1116.7261,0.1143,0.0056,0.6472,0.0028,1488.2054,12.9262,2.7624,8.1494,0,0,26.7902,33.7428,115.1591,38.2139,0,44.5761,0,0.0413,0.6783
"TCGA-DC-6155-01A",794.5082,23.428,76.0608,98.3067,0,0.0556,0.6079,0.0172,24.0302,4.5872,1.2976,0.6042,0.0803,0,3.4112,3.4426,2.6875,8.3117,0,0.9623,0,0,0
"TCGA-G5-6235-01A",112.1165,201.1934,5.7282,1320.6525,0,0.014,3.3029,0.0021,302.3325,49.1838,2.8272,10.2618,0,0,41.6747,20.2551,0.5837,51.4026,0,0.08,0.0219,0,0.0324
"TCGA-AF-5654-11A",288.4637,288.7186,8.761,1455.257,0,0.0018,16.5509,0,766.8561,40.5522,6.0603,8.5842,0,0,42.4909,38.7956,3.0291,140.5527,0,0.0657,0,0.02,0.0279
"TCGA-AG-3902-01A",141.6928,26.1119,7.3334,650.2233,0.0423,0.1731,30.6046,0,249.4001,11.4168,4.6509,7.3172,0,0.0084,14.8176,17.8468,0.5451,18.2299,0,0.0839,0,0.0764,0.1158
"TCGA-AG-3890-01A",81.9115,44.7827,5.6919,710.597,0,0.0038,8.0523,0,157.9866,36.715,4.6071,10.6375,0,0,52.1274,8.344,1.9821,3.7547,0,0.0784,0,0.5,0
"TCGA-AG-3600-01A",97.0173,18.9126,4.1657,216.03,0,0.0064,24.7227,0.0048,68.9875,8.1421,3.2514,1.682,0.0745,0,40.1199,5.6727,0.6478,75.6198,0,12.0558,0,0.0356,0.1244
"TCGA-AG-3598-01A",40.4498,32.4333,2.9789,749.9544,0,0.0035,0.5054,0.0103,24.5026,18.9521,1.6103,9.8327,0.04,0.0252,32.0894,1.6798,0.8425,31.1037,0,0,0,0,0
"TCGA-AG-3601-01A",52.9752,14.33,6.1514,317.0782,0,0,0.1704,0,3.6706,14.072,1.2397,7.2383,0,0,50.1839,0.2382,0.1367,0.2115,0,0.0141,0.0426,0,0
"TCGA-AG-3602-01A",26.3304,8.6231,6.7341,280.6694,0,0.079,1.1192,0.0049,33.5034,9.1146,1.7295,4.2073,0.038,0,13.9492,2.9439,0.2398,3.056,0,0.0342,0,0,0
"TCGA-AF-2690-01A",13.6151,30.2737,1.4241,226.9128,0,0.0066,0.0473,0,3.6195,17.0318,1.3569,9.7294,0,0,14.8466,0.5983,0.0731,0.1839,0,0.0275,0,0.0292,0
"TCGA-AF-2693-01A",52.3824,72.8996,4.4095,1197.3868,0,0.0073,1.8147,0,126.9055,25.1619,2.3272,24.4554,0.0338,0,34.5336,11.9586,4.8784,20.0199,0,0.076,0,0.0161,0.0564
"TCGA-AG-A023-01A",270.428,49.5556,2.5572,522.176,0,0.0089,3.1787,0.0088,113.3259,41.9769,4.1988,7.8988,0.0686,0,47.217,34.8066,0.8873,359.906,0,0.0771,0,0,0.0229
"TCGA-CI-6620-01A",23.4905,32.2985,3.6904,869.307,0.019,0.0218,0.6319,0.0046,154.615,18.2437,5.3457,16.0926,0,0,33.9022,6.7099,8.0448,16.3319,0,0.0566,0,0.0172,0.0481
"TCGA-AG-A015-01A",116.2864,13.1041,2.0734,475.1204,0,0.0231,13.8072,0.0172,476.5494,31.0793,2.3496,22.5035,0.0445,0,40.6538,6.8166,0.503,42.371,0,0.34,0.0603,2.2101,0.0297
"TCGA-AG-4008-01A",89.2025,60.0256,10.1563,613.7722,0.048,0.2554,3.5049,0,394.6145,38.5178,4.952,20.094,0.3633,0,27.3253,12.4213,1.2734,25.6527,0,0.0204,0,0,0
"TCGA-AG-A036-01A",55.2309,76.1985,2.6895,450.0031,0.0436,0.1213,2.1073,0.0159,9.2589,17.7946,5.7845,12.9383,0,0,47.8901,1.406,0.3316,52.7535,0,0.2409,0,0.1181,0
"TCGA-AG-3882-01A",55.0522,56.8554,7.1406,225.6278,0,0.0078,17.2084,0,7.7063,46.7083,2.2439,51.5919,0,0,61.4755,18.2008,0.5193,57.0004,0,0.2431,0,0.0861,0
"TCGA-F5-6813-01A",87.9756,125.5396,1.0047,1106.615,0,0.0706,0.2385,0.002,0.4473,67.429,0.9792,19.9933,0,0,54.0529,10.3514,0.01,1.4637,0,0.1108,0,0.0147,0.0103
"TCGA-AG-3896-01A",67.3251,36.5946,8.0599,586.0846,0.0435,0.0036,0.6698,0,270.4151,29.5191,1.074,13.7613,0,0,54.3496,11.6148,3.5811,83.1608,0,0.0555,0,0.0393,0
"TCGA-CL-5918-01A",5.3886,33.9862,1.4941,477.5893,0,0,4.6394,0,0.5665,27.0469,3.0648,12.7409,0.016,0,46.8818,0.5149,0.0279,0.1537,0,0,0,0.0153,0
"TCGA-AF-3400-01A",158.3334,17.306,9.0396,852.2601,0,0.0032,2.4366,0,923.279,1.4695,0.8442,0,0,0,34.4944,9.0405,0.7461,159.894,0,0,0,1.1047,0
"TCGA-AG-3742-01A",14.7493,2.9584,2.7539,860.3679,0.0446,0.0018,2.6808,0,0.7711,61.2894,7.1149,60.5218,0.1266,0,52.6054,0.876,0.1514,0.0172,0,0.0474,0.0286,2.4193,0.1268
"TCGA-AF-6655-01A",114.9832,146.7875,10.0352,971.1469,0.0292,0.043,1.9815,0,141.5582,28.7204,7.4681,20.6958,0.0276,0,38.0638,10.4173,1.2785,18.6669,0,0.0248,0,0.2637,0.0553
"TCGA-CI-6623-01B",162.5375,106.5272,2.493,670.8666,0,0.0026,0.7404,0.0038,70.704,18.2376,2.2998,14.5623,0,0,46.6107,23.2013,2.8011,128.9528,0,0.167,0,0.0142,0.0198
"TCGA-DC-4749-01A",5.9209,79.7119,6.06,731.7884,0,0.0017,2.2958,0,3.9802,32.5523,3.2193,28.7147,0.0191,0,51.9369,4.7312,0.0374,2.4495,0,0.0172,0,0.0183,0
"TCGA-CI-6622-01A",135.9561,334.9272,6.8398,1349.6397,0,0,6.6753,0,291.8342,49.958,2.2108,6.05,0.0171,0,31.1595,16.9816,2.7791,65.7381,0,0.0537,0,0.1141,0.057
"TCGA-AG-A00C-01A",191.8288,68.8146,3.5424,896.0088,0,0,7.7912,0,35.1707,33.6983,5.4233,16.3916,0,0,58.6653,17.963,0.1322,46.7231,0,0.0854,0.1546,0.1089,0.0254
"TCGA-F5-6465-01A",43.1217,9.2664,1.5538,316.8194,0,0.0066,0.3365,0,11.3376,16.7589,2.0189,18.2056,0.0455,0,3.6424,1.1377,3.1369,25.5556,0,0.109,0,0.304,0
"TCGA-AG-3885-01A",353.0941,21.758,12.227,564.7237,0,0.0039,171.3075,0,311.8649,34.3099,2.0671,3.3707,0,0,153.4849,17.4122,1.4949,115.8144,0,0.4067,0.552,1.9446,0
"TCGA-AG-3727-01A",132.4919,30.519,5.0511,223.324,0,0,65.0055,0.007,688.2648,17.5,1.6938,24.7186,0,0,55.5622,57.2312,2.8396,240.5548,0,2.5095,0,0,0
"TCGA-AG-A008-01A",253.6634,26.2,1.4137,701.8105,0,0,0.6266,0,692.8727,16.0322,2.166,29.4547,0,0,37.1234,74.8633,2.4651,295.9186,0,0.5114,0,1.6663,0
"TCGA-AF-2687-01A",21.6522,2.4226,1.5501,137.6928,0.4104,0.1008,0.9446,0.0048,0.8412,20.1981,5.4927,10.0975,0.1294,0,10.3339,1.4639,0.5665,3.1397,0,0.108,0.0501,0.3001,0.0494
"TCGA-AG-3893-01A",167.9265,124.5935,4.9558,953.1252,0,0.115,3.834,0,368.9101,124.3695,4.2487,51.8832,0.114,0,77.6999,39.6009,1.5854,61.7718,0,0.1366,0,0,0
"TCGA-EI-6511-01A",42.5974,29.4304,2.9237,977.9827,0,0.009,0.2661,0.0019,1.7536,22.7088,0.8017,6.341,0,0.0094,50.3346,2.2886,0.052,1.3071,0,0.0403,0,0.1855,0.01
"TCGA-DY-A1H8-01A",28.9747,1.014,2.5989,244.4361,0,0.0013,0,0.0396,0.3604,5.5533,2.3124,0.8284,0,0,11.3971,0.3999,0.0479,0.3772,0,0.0264,0,0.014,0
"TCGA-F5-6702-01A",67.2665,42.5029,3.2626,797.3525,1.1476,1.0255,2.9553,0.0045,222.48,50.264,1.8146,14.5434,0.1225,0,38.8074,11.8663,2.2908,20.3201,0,0.0944,0,0.0502,0.0818
"TCGA-DC-5869-01A",19.4899,1.6844,3.131,436.6993,0.0254,0.0166,0.6938,0,1.4444,22.7392,1.9757,19.3967,0.024,0,16.4778,0.7664,1.1268,4.1357,0,0,0.0325,0.0458,0.032
"TCGA-AG-3725-11A",21.5439,17.9444,1.4659,351.3052,0.037,0.0015,1.7731,0,90.5621,19.6824,1.3372,6.116,0,0,15.8687,4.5064,0.0532,11.2527,0,0,0,0,0.0117
"TCGA-F5-6812-01A",28.7952,41.2533,1.1338,487.5719,0.0143,0.0129,0.9457,0.0017,4.0843,38.4279,3.8983,28.9641,0.0135,0,15.1539,9.9422,0.05,9.6192,0,0.2552,0,0.1162,0.0632
"TCGA-AG-3742-11A",28.0372,21.8264,2.0952,416.5424,0.0648,0,1.3771,0,87.9316,14.4906,1.8853,15.6427,0,0.0129,14.8839,4.584,0.1644,7.4154,0,0.0092,0,0,0.0136
"TCGA-EI-6882-01A",388.9547,46.8556,6.3662,1580.9587,0,0.0188,3.2544,0,2170.3442,11.731,2.804,3.2248,0,0,63.6415,104.9279,0.459,150.2869,0,0.1535,0,0.0593,0.1451
"TCGA-AG-3725-01A",236.6239,17.5258,4.3363,1210.3631,0,0.0043,231.5931,0.0021,35.4043,111.6435,4.7276,28.7767,0,0.0105,55.2214,56.0836,0.3287,22.5072,0,0.0224,0,0.1111,0.111
